filename,dcterms_spatial,dcterms_temporal,dcterms_temporal.1,dc_title,mods_responsibility,dc_creator,dc_creator.1,dc_creator.2,dc_creator.3,dc_creator.4,dc_creator.5,mods_edition,dcterms_issued,dc_language,dc_subject,authordyn,cleanyear_era,startyear_era,endyear_era,cleanyear,startyear,endyear,interval,dynasty
21f47d71076a480e6489de6622bd0d99,江西,民國,1912-1912,(民國)寧岡縣志6卷後志4卷,(民國)丁國屏修(民國)陳家駿纂 ,（民國）丁國屏,（民國）陳家駿,,,,,民國二十六年鉛印本,1937,chi,地方志,民國,1912,1912,1912,1937,1937,1937,0,民國
a5d5e970bb2558f95031ab4085f896fa,雲南,光緒,1908,續修敍永永寧廳縣合志 54卷,（清）鄧元鏸修 萬愼纂,（清）鄧元鏸,（清）萬愼,,,,,清光緒三十四年刻本,1875-1908,chi,地方志,清,1908,1908,1908,1891.5,1875,1908,33,清
d21da617f276a8b3fe9d3afcbed14537,湖北,同治,1862-1875,(同治)蒲圻縣志8卷,(清)顧際熙修(清)文元音纂 ,（清）顧際熙,（清）文元音,,,,,清同治五年刻本,1866,chi,地方志,清,1868.5,1862,1875,1866,1866,1866,0,清
3b9f810a2a07ed893297119190cc7924,四川,民國,1912-1912,(民國)名山縣新志16卷,(民國)胡存琮纂修 ,（民國）胡存琮,,,,,,民國十九年刻本,1920,chi,地方志,民國,1912,1912,1912,1920,1920,1920,0,民國
f1658979ae4e641622a9d9f2ef397ddd,四川,光緒,1875,彭水縣志 4卷,（清）莊定域修 支承祜纂,（清）莊定域,（清）支承祜,,,,,清光緒元年刻本,1875-1908,chi,地方志,清,1875,1875,1875,1891.5,1875,1908,33,清
af7191c6c4dd3ba68f4438ad38bb9064,江蘇,康熙,1686,靈壽縣志 10卷,（清）衛秦龍修 傅維雲纂,（清）衛秦龍,（清）傅維雲,,,,,清康熙二十五年刻本,1661-1722,chi,地方志,清,1686,1686,1686,1691.5,1661,1722,61,清
5bccd05e0f5e2f25165329911d30dc90,山西,雍正,1723-1735,(雍正)石樓縣志,(清)袁學謨修(清)秦燮纂　 ,（清）袁學謨,（清）秦燮,,,,,"清雍十年刻鈔本/缺卷四,五,六十三卷",1732,chi,地方志,清,1729,1723,1735,1732,1732,1732,0,清
9d2f77f4bd952ea449af96541b8942fe,福建,民國,1912-1912,(民國)閩侯縣志,(民國)恩麟修(民國)陳衍纂　 ,（民國）恩麟,（民國）陳衍,,,,,民國二十二年刊本,1933,chi,地方志,民國,1912,1912,1912,1933,1933,1933,0,民國
acff0996496cb7c4ac4a28eb7558440a,北京,嘉靖,1541,建寧府志 21卷,（明）夏玉麟修 汪佃纂,（明）夏玉麟,（明）汪佃,,,,,明嘉靖二十年刻本,1521-1566,chi,地方志,明,1541,1541,1541,1543.5,1521,1566,45,明
b589f744be3add7f49ffe475bd1fddc0,廣東,雍正,1731,吳川縣志 10卷,（清）盛熙祚纂修,（清）盛熙祚,,,,,,清雍正九年刻本,1722-1735,chi,地方志,清,1731,1731,1731,1728.5,1722,1735,13,清
986e6577c08d3dfe30b1289e81c7882b,山西,光緒,1875-1908,(光緒)續太原縣志,(清)薛元釗修(清)王效尊纂　 ,（清）薛元釗,（清）王效尊,,,,,清光緒八年刻本,1882,chi,地方志,清,1891.5,1875,1908,1882,1882,1882,0,清
2d96b1107fd2feb070d3e65d1345d011,安徽,光緒,1875-1908,(光緒)鳳臺縣志,(清)李師沆(清)石成之修(清)葛蔭南(清)周爾儀纂　 ,（清）李師沆,（清）石成之,（清）葛蔭南,（清）周爾儀,,,清光緒十八年活字本,1892,chi,地方志,清,1891.5,1875,1908,1892,1892,1892,0,清
01584a8d0b68e7d865fe4b4384504eff,雲南,光緒,1875-1908,(光緒)續修永北直隸廳志10卷,(清)葉如桐修(清)劉必蘇纂　 ,（清）葉如桐,（清）劉必蘇,,,,,清光緒三十年刻本,1904,chi,地方志,清,1891.5,1875,1908,1904,1904,1904,0,清
ac9a20c9e96682159343280e8cbf7d37,雲南,乾隆,1736-1796,(乾隆)大理府志30卷,(清)傅天祥修(清)黃元治纂　 ,（清）傅天祥,（清）黃元治,,,,,清乾隆十一年刻本,1746,chi,地方志,清,1766,1736,1796,1746,1746,1746,0,清
68966eba433bc5b3921d86e341686399, 安徽 ,清 光緒 ,1878,重修安徽通志 350卷,（清）吳坤修修 （清）何紹基纂,（清）吳坤,（清）何紹基,,,,,清光緒四年刻本,1875-1908,chi,地方志,清,1878,1878,1878,1891.5,1875,1908,33,清
aa8bc9577cd800d35cb69c39f784e227, 四川 ,清 乾隆 ,1769,廣安州志 13卷,（清）陸良瑜修 （清）鄧時敏纂,（清）陸良瑜,（清）鄧時敏,,,,,清乾隆三十四年刻本,1735-1796,chi,地方志,清,1769,1769,1769,1765.5,1735,1796,61,清
e8bea681982a35015ec7f1e8e2f2868f,湖南,康熙,1662-1722,(康熙)藍山縣志15卷,(清)劉涵修(清)劉世臣纂　 ,（清）劉涵,（清）劉世臣,,,,,清康熙五十四年鈔本,1715,chi,地方志,清,1692,1662,1722,1715,1715,1715,0,清
cd4c3ff0fd6ba71696a9436eaba46884,河北 ,乾隆,1744,上饒縣志 16卷,（清）汪文麟修 鄭紹淳纂,（清）汪文麟,（清）鄭紹淳,,,,,清乾隆九年刻本,1735-1796,chi,地方志,清,1744,1744,1744,1765.5,1735,1796,61,清
3a11cd89acb59106b5670894f958f906, 甘肅 ,民國 ,1936,新纂康縣縣志 24卷,（民國）吕鍾祥纂 ,（民國）吕鍾祥,,,,,,民國二十五年石印本,1911-1949,chi,地方志,民國,1936,1936,1936,1930,1911,1949,38,民國
5228b3f0efa6ba864737bdb41edc5f43,福建,民國,1912-1912,(民國)政和縣志,(民國)張薌甫修(民國)李熙纂　 ,（民國）張薌甫,（民國）李熙,,,,,民國八年鉛印本,1919,chi,地方志,民國,1912,1912,1912,1919,1919,1919,0,民國
96385549b9bf23dd5a54ef598d0d4964,雲南,乾隆,1752,膠州志 8卷,（清）周於智修 劉恬纂,（清）周於智,（清）劉恬,,,,,清乾隆十七年刻本,1735-1796,chi,地方志,清,1752,1752,1752,1765.5,1735,1796,61,清
c6b418715aa332359899870f847e7b1d,湖北,嘉靖,1522-1567,(嘉靖)應山縣志,(明)顔木纂　 ,（明）顔木,,,,,,明嘉靖刻本,1522,chi,地方志,明,1544.5,1522,1567,1522,1522,1522,0,明
1441aebc9ec2b5a3eec29e28b8530421,河北 ,康熙,1680,館陶縣志 12卷,（清）趙知希纂修 張興宗增修,（清）趙知希,（清）張興宗,,,,,清光緒十九年刻本,1661-1722,chi,地方志,清,1680,1680,1680,1691.5,1661,1722,61,清
a65b748bd12deb84365c1c5f9d932648,山東,雍正,1728,青田縣志 12卷,（清）張惶輔修 錢喜選纂,（清）張惶輔,（清）錢喜選,,,,,清雍正六年刻本,1722-1735,chi,地方志,清,1728,1728,1728,1728.5,1722,1735,13,清
c4383c7800c1aea061e232fe83a1c595, 江蘇 ,明 正德 ,1521,姑蘇志 60卷,（明）王鏊纂 ,（明）王鏊,,,,,,清文淵閣四庫全書本,1506-1521,chi,地方志,明,1521,1521,1521,1513.5,1506,1521,15,明
34e92d7caee0041fafe71ed364ee02bc,四川,乾隆,1736-1796,(乾隆)安岳縣志,(清)張松孫修(清)朱紉蘭纂　 ,（清）張松孫,（清）朱紉蘭,,,,,清乾隆五十一年刻本,1786,chi,地方志,清,1766,1736,1796,1786,1786,1786,0,清
af3dae462e27666a228f826259fdf36e,河北,光緒,1875-1908,(光緒)撫寧縣志,(清)德馨修(清)史夢蘭纂　 ,（清）德馨,（清）史夢蘭,,,,,清光緒三年刻本,1877,chi,地方志,清,1891.5,1875,1908,1877,1877,1877,0,清
f1931ee9e143fe3499f0122111b6db1b, 陝西 ,清 乾隆 ,1794,南鄭縣志 不分卷,（清）王行儉修 （清）余孔捷纂,（清）王行儉,（清）余孔捷,,,,,清乾隆五十九年刻本,1735-1796,chi,地方志,清,1794,1794,1794,1765.5,1735,1796,61,清
c71ad8f2b34a3389bccbebdb96a53f78,山西,乾隆,1736-1796,(乾隆)保德州志12卷,(清)王秉韜續纂修　 ,（清）王秉韜,,,,,,清乾隆五十年增刻本,1785,chi,地方志,清,1766,1736,1796,1785,1785,1785,0,清
07f8ee91cff4107a79ee3320e6db9ea6, 浙江 ,清 雍正 ,1735,浙江通志 280卷,（清）李衛修 （清）沈翼機纂,（清）李衛,（清）沈翼機,,,,,清文淵閣四庫全書本,1722-1735,chi,地方志,清,1735,1735,1735,1728.5,1722,1735,13,清
95ee7d0659ed11ca7772389232343721,山東,乾隆,1736-1796,(乾隆)武城縣志,(清)駱大俊纂修　 ,（清）駱大俊,,,,,,清乾隆十五年刻本,1750,chi,地方志,清,1766,1736,1796,1750,1750,1750,0,清
4e51a7cab573809a261c65c8fa78b809,廣東,順治,1644-1661,(順治)陽山縣志,(清)孫蕙修(清)熊兆師纂　 ,（清）孫蕙,（清）熊兆師,,,,,清順治十五年刻本,1658,chi,地方志,清,1652.5,1644,1661,1658,1658,1658,0,清
5d07cf2dfb3666dd19101bcf430f2290,江蘇,康煕,1662-1722,(康煕)高淳縣志,(清)李斯佺纂修　 ,（清）李斯佺,,,,,,清康熙二十二年刻本,1683,chi,地方志,清,1692,1662,1722,1683,1683,1683,0,清
d1a6eace962a5c6a0328ddd9e36eb8d4,河南,嘉慶,1796-1820,(嘉慶)硤川續志20卷,(清)王德浩纂(清)曹宗載重訂 ,（清）王德浩,（清）曹宗載,,,,,清嘉慶十七年刻本,1812,chi,地方志,清,1808,1796,1820,1812,1812,1812,0,清
0e00e333a6e9e712a3b12badf40a5bdf, 甘肅 ,清 乾隆 ,1796,伏羌縣志 14卷,（清）葉芝纂 ,（清）葉芝,,,,,,清乾隆刻本,1735-1796,chi,地方志,清,1796,1796,1796,1765.5,1735,1796,61,清
1d6ef613b3160cff1bd371122725a9ab, 河北 ,民國 ,1931,青縣志 16卷,（民國）萬震霄修 （民國）高遵章纂,（民國）萬震霄,（民國）高遵章,,,,,民國二十年刊本,1911-1949,chi,地方志,民國,1931,1931,1931,1930,1911,1949,38,民國
a3a00cbc8130836cd0761ec7fa3706a5,山東,民國,1912-1912,(民國)濟寧縣志,(民國)潘守廉修(民國)袁紹昴纂　 ,（民國）潘守廉,（民國）袁紹昴,,,,,民國十六年鉛印本,1927,chi,地方志,民國,1912,1912,1912,1927,1927,1927,0,民國
50cdd21167c153ec268903c9e8580045,山東,道光,1839,中江縣志新志 8卷,（清）楊霈修 范泰衡纂,（清）楊霈,（清）范泰衡,,,,,清道光十九年刻本,1820-1850,chi,地方志,清,1839,1839,1839,1835,1820,1850,30,清
853ae0980ad299990a5c708a19194b4a, 江西 ,明 嘉靖 ,1566,廣信府志 20卷,（明）張士鎬修 （明）江汝璧纂,（明）張士鎬,（明）江汝璧,,,,,明嘉靖刻本,1521-1566,chi,地方志,明,1566,1566,1566,1543.5,1521,1566,45,明
0591c7b66c3325a65ea5e878d9855d46,江蘇,道光,1834,石泉縣志 10卷,（清）趙德林修 張沆纂,（清）趙德林,（清）張沆,,,,,清道光十四年刻本,1820-1850,chi,地方志,清,1834,1834,1834,1835,1820,1850,30,清
0ec1591367daef375c09cf5616a66436,安徽,嘉靖,1522-1567,(嘉靖)銅陵縣志,(明)李士元修(明)沈梅纂　 ,（明）李士元,（明）沈梅,,,,,明嘉靖刻本,1522,chi,地方志,明,1544.5,1522,1567,1522,1522,1522,0,明
7fbd4a5efe90ad76f6300dbcfe57f78e, 山東 ,明 嘉靖 ,1566,武城縣志 10卷,（明）尤麒修 （明）陳露纂,（明）尤麒,（明）陳露,,,,,明嘉靖刻本,1521-1566,chi,地方志,明,1566,1566,1566,1543.5,1521,1566,45,明
31ef200c07e27eaeaad5a7dbdffdaac5, 山西 ,民國 ,1929,新絳縣志 10卷,（民國）徐昭倹修 （民國）楊兆泰纂,（民國）徐昭倹,（民國）楊兆泰,,,,,民國十八年鉛印本,1911-1949,chi,地方志,民國,1929,1929,1929,1930,1911,1949,38,民國
f060f8629da4318efb5840041596e3e8,浙江,萬曆,1573-1620,(萬曆)嚴州府志25卷,(明)楊守仁修(明)徐楚纂　 ,（明）楊守仁,（明）徐楚,,,,,明萬曆六年刊本,1578,chi,地方志,明,1596.5,1573,1620,1578,1578,1578,0,明
b16d0838c655611c107ae697797dec39,河南,光緒,1875-1908,(光緒)續濬縣志,(清)黄璟等纂修　 ,（清）黄璟,,,,,,清光緒十二年刊本,1886,chi,地方志,清,1891.5,1875,1908,1886,1886,1886,0,清
fdcb412fe0ddce343f292323ff3269e3,湖北,民國,1912-1912,(民國)棗陽縣志34卷,(民國)梁汝澤修(民國)謝鴻舉纂 ,（民國）梁汝澤,（民國）謝鴻舉,,,,,民國十二年鉛印本,1913,chi,地方志,民國,1912,1912,1912,1913,1913,1913,0,民國
98ef27bb34947420fc4bc4d220a0e72c,福建,康熙,1662-1722,(康熙)永春縣志10卷,(清)鄭功勲修(清)宋祖墀纂　 ,（清）鄭功勲,（清）宋祖墀,,,,,清康熙二十三年刻本,1684,chi,地方志,清,1692,1662,1722,1684,1684,1684,0,清
1f6e7736cbdf4a57f34fd01294b349ee,福建,嘉靖,1522-1567,(嘉靖)福清縣志續略18卷,(明)釋如一纂　 ,（明）釋如一,,,,,,明嘉靖二十六年刊本,1547,chi,地方志,明,1544.5,1522,1567,1547,1547,1547,0,明
b52371b97220768c3ecdc8c6b6b88234, 江蘇 ,清 光緒 ,1888,贛榆縣志 18卷,（清）王豫熙修 （清）張謇纂,（清）王豫熙,（清）張謇,,,,,清光緒十四年刊本,1875-1908,chi,地方志,清,1888,1888,1888,1891.5,1875,1908,33,清
64707c9f7833f22c339483cc79f438c7,山西,光緒,1875-1908,(光緒)續修曲沃縣志32卷,(清)張鴻逵修(清)韓子泰纂 ,（清）張鴻逵,（清）韓子泰,,,,,清光緒六年刻本,1880,chi,地方志,清,1891.5,1875,1908,1880,1880,1880,0,清
5f60c637dc37343b6cf961e03ce415d9,江西,光緒,1902,增修仁懷廳志 8卷,（清）崇俊修 王椿纂,（清）崇俊,（清）王椿,,,,,清光緒二十八年刻本,1875-1908,chi,地方志,清,1902,1902,1902,1891.5,1875,1908,33,清
2496d1bc83ad45e5d392f1acdfa3a58b, 遼寧 ,民國 ,1928,岫嚴縣志 4卷,（民國）劉景文修 （民國）郝玉璞纂,（民國）劉景文,（民國）郝玉璞,,,,,民國十七年鉛印本,1911-1949,chi,地方志,民國,1928,1928,1928,1930,1911,1949,38,民國
ce539c80f1c9cd03083561ebee45d4d4,廣東,萬曆,1573-1620,(萬曆)高州府志,(明)曹志遇纂　 ,（明）曹志遇,,,,,,明萬曆刻本,1573,chi,地方志,明,1596.5,1573,1620,1573,1573,1573,0,明
f732d739454e6b0a155d90ed542867f5,湖南,同治,1862-1875,(同治)直隸澧州志28卷,(清)何玉棻修(清)魏式曾纂　 ,（清）何玉棻,（清）魏式曾,,,,,清同治八年刻本,1869,chi,地方志,清,1868.5,1862,1875,1869,1869,1869,0,清
e49d4c1a331d4cb63253fad972c84297,河北,康熙,1662-1722,(康熙)纂修景州志4卷,(清)張一魁纂修　 ,（清）張一魁,,,,,,清康熙十一年刻本,1672,chi,地方志,清,1692,1662,1722,1672,1672,1672,0,清
738de593ed860a979cb66605e33cd3c8,山西,乾隆,1755,陽城縣志 16卷,（清）楊善慶修 田懋纂,（清）楊善慶,（清）田懋,,,,,清乾隆二十年刻本,1735-1796,chi,地方志,清,1755,1755,1755,1765.5,1735,1796,61,清
9b0aee3b46ba63b63ca31c128f4694a1,福建,道光,1821-1850,(道光)晋江縣志,(清)李永錫修(清)周學曾纂　 ,（清）李永錫,（清）周學曾,,,,,清鈔本,1644,chi,地方志,清,1835.5,1821,1850,1644,1644,1644,0,清
0062c74d98ccd18dd5e6607e4558e7f0,福建,道光,1821-1850,(道光)厦門志,(清)周凱纂修　 ,（清）周凱,,,,,,清道光十九年刊本,1839,chi,地方志,清,1835.5,1821,1850,1839,1839,1839,0,清
911d795d9615d3b07feab2a04b2a5a95,河北,乾隆,1736-1796,(乾隆)宣化府志,(清)王文燾修(清)張志奇續修　 ,（清）王文燾,（清）張志奇,,,,,清乾隆八年修二十二年訂補重刊本,1743,chi,地方志,清,1766,1736,1796,1743,1743,1743,0,清
404d5cdd02fb75221c555b04414e845a, 山東 ,清 宣統 ,1909,重修恩縣志 10卷,（清）汪鴻孫修 （清）劉儒臣纂,（清）汪鴻孫,（清）劉儒臣,,,,,清宣統元年刊本,1908-1911,chi,地方志,清,1909,1909,1909,1909.5,1908,1911,3,清
18775f1ac8846cce9f49eea51cd9d00a, 廣西 ,民國 ,1933,鍾山縣志 16卷,（民國）潘寳疆修 （民國）盧鈔標纂,（民國）潘寳疆,（民國）盧鈔標,,,,,民國二十二年鉛印本,1911-1949,chi,地方志,民國,1933,1933,1933,1930,1911,1949,38,民國
562ea2540c8f8e88bc03a0a501bc29bb,北京,道光,1847,廣順州志 12卷,（清）金臺修 但明倫纂,（清）金臺,（清）但明倫,,,,,清道光二十七年刻本,1820-1850,chi,地方志,清,1847,1847,1847,1835,1820,1850,30,清
3f1c9543a22bb2d467c730150f8a79c0,江蘇,至正,1341-1370,(至正)崑山郡志,(元)楊譓纂　 ,（元）楊譓,,,,,,元至正元年修清宣統元年本,1341,chi,地方志,元,1355.5,1341,1370,1341,1341,1341,0,元
b8b321df9c43d09460b78d5bd83f47e5, 河北 ,民國 ,1916,鹽山新志 30卷,（民國）賈恩紱纂 ,（民國）賈恩紱,,,,,,民國五年刊本,1911-1949,chi,地方志,民國,1916,1916,1916,1930,1911,1949,38,民國
76835b750c76efa487af221a4f8ea97c,安徽,成化,1465-1487,(成化)中都志,(明)柳瑛纂　 ,（明）柳瑛,,,,,,修明弘治刻本,1488,chi,地方志,明,1476,1465,1487,1488,1488,1488,0,明
aa0bd829fd56fbce1ed0714f36f993a5,四川,順治,1652,安塞縣志 10卷,（清）李暲修 郭指南纂,（清）李暲,（清）郭指南,,,,,清乾隆九年鈔本,1643-1661,chi,地方志,清,1652,1652,1652,1652,1643,1661,18,清
fa1fdf1686d3835d166730d3a2d82e7c,黑龍江,民國,1912-1912,(民國)寳清縣志,(民國)齊耀珷修(民國)韓大光纂　 ,（民國）齊耀珷,（民國）韓大光,,,,,民國二十五年出版鉛印本據油印本,1936,chi,地方志,民國,1912,1912,1912,1936,1936,1936,0,民國
5d9c3e1cb5ec90c1587d0d676ed22b0f, 湖南 ,清 乾隆 ,1755,平江縣志 25卷,（清）謝仲坃纂修 （清）石文成增修,（清）謝仲坃,（清）石文成,,,,,清乾隆二十年增修刻本,1735-1796,chi,地方志,清,1755,1755,1755,1765.5,1735,1796,61,清
a7e63d079702db7b1e25952722556682,重慶,光緒,1875-1908,(光緒)銅梁縣志16卷,(清)韓清桂修(清)陳昌纂 ,（清）韓清桂,（清）陳昌,,,,,清光緒元年刻本,1875,chi,地方志,清,1891.5,1875,1908,1875,1875,1875,0,清
5338aa1d946998aee14f8c1d3f046939,山東,光緒,1875-1908,(光緒)東平州志,(清)左宜似等修(清)廬崟等纂　 ,（清）左宜似,（清）廬崟,,,,,清光緒七年刻本,1881,chi,地方志,清,1891.5,1875,1908,1881,1881,1881,0,清
60032634955befb4847d5813e5b777b9,福建,弘治,1488-1505,(弘治)八閩通志,(明)林庭□修(明)黄促昭纂　 ,（明）林庭□,（明）黄促昭,,,,,明弘治刻本,1488,chi,地方志,明,1496.5,1488,1505,1488,1488,1488,0,明
ed4953ff0d5e415e143a7dd21472d49e, 湖南 ,清 康熙 ,1663,武岡州志 12卷,（清）吳從謙修 （清）潘應斗纂,（清）吳從謙,（清）潘應斗,,,,,清康熙二年刻本,1661-1722,chi,地方志,清,1663,1663,1663,1691.5,1661,1722,61,清
0168592b6dfa3c66885383a9c615b68a,河北,民國,1912-1912,(民國)續修藁城縣志12卷,(民國)王炳熙修(民國)于箴纂 ,（民國）王炳熙,（民國）于箴,,,,,民國二十三年鉛印本,1934,chi,地方志,民國,1912,1912,1912,1934,1934,1934,0,民國
1d0c88d86d6ea54e081c96389c2a350a,廣西壯族自治區,民國,1912-1912,(民國)來賓縣志,(民國)賓上武修(民國)翟富文纂修　 ,（民國）賓上武,（民國）翟富文,,,,,民國二十五年鉛印本,1936,chi,地方志,民國,1912,1912,1912,1936,1936,1936,0,民國
c2e99701b68d902f49d1b5fc863acdbb, 江西 ,明 嘉靖 ,1566,江西通志 37卷,（明）林庭㭿修 （明）周廣纂,（明）林庭㭿,（明）周廣,,,,,明嘉靖刻本,1521-1566,chi,地方志,明,1566,1566,1566,1543.5,1521,1566,45,明
0f4a608540c20cf316f9c3798f82a51f,河北,同治,1862-1875,(同治)曲周縣志20卷,(清)存禄修(清)劉自立纂 ,（清）存禄,（清）劉自立,,,,,清同治八年刻本,1869,chi,地方志,清,1868.5,1862,1875,1869,1869,1869,0,清
a58a7883b51b123359624b7f303d4fdd,四川,光緒,1875-1908,(光緒)南川縣鄉土志,(清)佚名修　 ,（清）佚名,,,,,,光緒末傳抄本,1875,chi,地方志,清,1891.5,1875,1908,1875,1875,1875,0,清
638e826cafd6777876a01e33a90f58a6,河北,道光,1821-1850,(道光)武强縣志重修12卷,(清)翟慎行修(清)翟慎典纂 ,（清）翟慎行,（清）翟慎典,,,,,清道光十一年刻本,1831,chi,地方志,清,1835.5,1821,1850,1831,1831,1831,0,清
7b9e1577b69860d09e70c78bbd02b1f2,内蒙古,乾隆,1736-1796,(乾隆)河套志,(清)陳履中纂　 ,（清）陳履中,,,,,,清乾隆寓園刻本,1736,chi,地方志,清,1766,1736,1796,1736,1736,1736,0,清
186b66f954afa839ea23446c2c879f1a,河北,乾隆,1736-1796,(乾隆)正定府志50卷,(清)鄭大進纂修　 ,（清）鄭大進,,,,,,清乾隆二十七年刻本,1762,chi,地方志,清,1766,1736,1796,1762,1762,1762,0,清
0ba263af6f018ca20f4a7a7116077d76,湖北,道光,1821-1850,(道光)天門縣志36卷,(清)王希琮修(清)張鍚穀纂 ,（清）王希琮,（清）張鍚穀,,,,,清道光元年刻本,1821,chi,地方志,清,1835.5,1821,1850,1821,1821,1821,0,清
3ca97cae786a9e815c01d7db7f11020e, 江蘇 ,民國 ,1925,南通縣圖志 24卷,（民國）范鎧修 （民國）張謇續撰,（民國）范鎧,（民國）張謇,,,,,民國十四年鉛印本,1911-1949,chi,地方志,民國,1925,1925,1925,1930,1911,1949,38,民國
5c0beed7ae012eb0afc97ce1b3a33778,四川,乾隆,1736-1796,(乾隆)岳池縣志8卷,(清)黃克顯纂修　 ,（清）黃克顯,,,,,,清乾隆二十一年刻本,1756,chi,地方志,清,1766,1736,1796,1756,1756,1756,0,清
cdd7d47e5120802a3800f17c0f47cc80,湖南,光緒,1875-1908,(光緒)乾州廳志,(清)蔣琦溥纂修(清)林書勲續修(清)張先達續纂　 ,（清）蔣琦溥,（清）林書勲,（清）張先達,,,,清同治十一年修清光緒三年續修本,1872,chi,地方志,清,1891.5,1875,1908,1872,1872,1872,0,清
7d422af9637ef3003b38651c3c6c67bf, 河北 ,民國 ,1929,威縣志 20卷,（民國）崔正春修 （民國）尚希寳纂,（民國）崔正春,（民國）尚希寳,,,,,民國十八年鉛印本,1911-1949,chi,地方志,民國,1929,1929,1929,1930,1911,1949,38,民國
c65252bf00246cadbc9b04624e4ca659,江西,同治,1862-1875,(同治)崇仁縣志10卷,(清)盛銓修(清)黄炳奎纂 ,（清）盛銓,（清）黄炳奎,,,,,清同治十二年刻本,1873,chi,地方志,清,1868.5,1862,1875,1873,1873,1873,0,清
587cb5856c104993c748e60d5c9e89fc,福建,民國,1925,龍游縣志 40卷,（民國）余紹宋纂修,（民國）余紹宋,,,,,,民國十四年鉛印本,1911-1949,chi,地方志,民國,1925,1925,1925,1930,1911,1949,38,民國
189b827bb8543212e09c78c9534ccd19, 廣東 ,清 光緒 ,1883,饒平縣志 25卷,（清）劉抃原本 （清）惠登甲增修,（清）劉抃,（清）惠登甲,,,,,清光緒九年增刻本,1875-1908,chi,地方志,清,1883,1883,1883,1891.5,1875,1908,33,清
4dc1dfba74f99503ae899743b70449b3, 四川 ,清 康熙 ,1686,敘州府慶符縣志 2卷,（清）丁林聲修 （清）王之熊纂,（清）丁林聲,（清）王之熊,,,,,清康熙二十五年刻本,1661-1722,chi,地方志,清,1686,1686,1686,1691.5,1661,1722,61,清
6c98b46dc700b20285d160e40b96cb83,上海,萬曆,1576,懷仁縣志 2卷,（明）楊守介纂修,（明）楊守介,,,,,,清順治四年重刻本,1572-1620,chi,地方志,明,1576,1576,1576,1596,1572,1620,48,明
477c1ddb79c07d4452c860a176701bbf,河北 ,民國,1923,棗陽縣志 34卷,（民國）梁汝澤修 謝鴻舉纂,（民國）梁汝澤,（民國）謝鴻舉,,,,,民國十二年鉛印本,1911-1949,chi,地方志,民國,1923,1923,1923,1930,1911,1949,38,民國
910b15d185d25f48565eba4c03c195f1, 河北 ,清 康熙 ,1722,元城縣志 6卷,（清）陳偉修 （清）郭景儀纂,（清）陳偉,（清）郭景儀,,,,,清内府本,1661-1722,chi,地方志,清,1722,1722,1722,1691.5,1661,1722,61,清
5e2aa53915574bc84b244c6d9be05e27, 甘肅 ,民國 ,1928,重修崇信縣志 4卷,（民國）任灜翰纂 ,（民國）任灜翰,,,,,,民國十七年石印本,1911-1949,chi,地方志,民國,1928,1928,1928,1930,1911,1949,38,民國
848be3b7e3c562abee055ab059ced591,山西,雍正,1723-1735,(雍正)澤州府志,(清)朱樟修(清)田嘉穀纂　 ,（清）朱樟,（清）田嘉穀,,,,,清雍正十三年刻本,1735,chi,地方志,清,1729,1723,1735,1735,1735,1735,0,清
25364333e30dbb060bc3f82fa0be7c60,廣東,嘉慶,1796-1820,(嘉慶)澄海縣志,(清)祖植桐修(清)蔡繼紳纂　 ,（清）祖植桐,（清）蔡繼紳,,,,,清嘉慶二十年刊本,1815,chi,地方志,清,1808,1796,1820,1815,1815,1815,0,清
9a961376fa19e7a56a2e1df106040887, 廣東 ,民國 ,1949,花縣志 13卷,（民國）孔昭度修 （民國）利璋纂,（民國）孔昭度,（民國）利璋,,,,,民國鉛印本,1911-1949,chi,地方志,民國,1949,1949,1949,1930,1911,1949,38,民國
36841bba0704e2d79ad07b1fe7f3e3de,河北 ,乾隆,1784,玉山縣志 13卷,（清）連柱修 李寶福纂,（清）連柱,（清）李寶福,,,,,清乾隆四十九年刻本,1735-1796,chi,地方志,清,1784,1784,1784,1765.5,1735,1796,61,清
ed7b5647f4a0fe912b5a8f7a7f3d61f7, 湖北 ,清 同治 ,1866,建始縣志 8卷,（清）熊啓詠纂修 ,（清）熊啓詠,,,,,,清同治五年刊本,1861-1875,chi,地方志,清,1866,1866,1866,1868,1861,1875,14,清
d77a83b0fc82ee55a1567d1692f99506,湖北,康熙,1662-1722,(康熙)均州志,(清)党居易纂修　 ,（清）党居易,,,,,,清康熙十二年刻二十八年續修本,1673,chi,地方志,清,1692,1662,1722,1673,1673,1673,0,清
c6dd09fd6654d509836b4721be4a6a42, 廣東 ,清 乾隆 ,1796,普寧縣志 10卷,（清）蕭麟趾修 （清）梅奕紹纂,（清）蕭麟趾,（清）梅奕紹,,,,,民國二十三年鉛印本,1735-1796,chi,地方志,清,1796,1796,1796,1765.5,1735,1796,61,清
0faa8b0eb744fdfa59d8f3e43c9c70c2, 廣東 ,清 宣統 ,1910,南海縣志 26卷,（清）鄭藀修 （清）桂坫纂,（清）鄭藀,（清）桂坫,,,,,清宣統二年刊本,1908-1911,chi,地方志,清,1910,1910,1910,1909.5,1908,1911,3,清
5d6733cb126c29e8f15438ebc0ab0b07, 遼寧 ,民國 ,1921,莊河縣志 12卷,（民國）廖彭修 （民國）宋掄元纂,（民國）廖彭,（民國）宋掄元,,,,,民國十年鉛印本,1911-1949,chi,地方志,民國,1921,1921,1921,1930,1911,1949,38,民國
e165185b6c7591b76cb57f932ebd96c4, 廣東 ,民國 ,1931,英德縣續志 17卷,（民國）鄧士芬修 （民國）黄佛頤纂,（民國）鄧士芬,（民國）黄佛頤,,,,,民國二十年鉛印本,1911-1949,chi,地方志,民國,1931,1931,1931,1930,1911,1949,38,民國
fdc5c89a675172b44e7e21ba5fcd89e1,河南,乾隆,1736-1796,(乾隆)嵩縣志,(清)康基淵纂修　 ,（清）康基淵,,,,,,清乾隆三十二年刻本,1767,chi,地方志,清,1766,1736,1796,1767,1767,1767,0,清
00a2580dac7ed5381f6f45bec5fe4b1a,福建,光緒,1897,東川府續志 4卷,（清）馮譽聰續修,（清）馮譽聰,,,,,,清光緒二十三年刻本,1875-1908,chi,地方志,清,1897,1897,1897,1891.5,1875,1908,33,清
3ce0d6e9a4f243faea591c4ed7740007,山西,順治,1644-1661,(順治)絳縣志5卷,(清)趙士弘修(清)陳所性纂　 ,（清）趙士弘,（清）陳所性,,,,,清順治刻增修本,1644,chi,地方志,清,1652.5,1644,1661,1644,1644,1644,0,清
af8805970e99909b9d56e5f767fb349d,湖南,光緒,1875-1908,(光緒)龍陽縣志30卷,(清)黄教鎔修陳保眞纂　 ,（清）黄教鎔,陳保眞,,,,,清光緒元年刻本,1875,chi,地方志,清,1891.5,1875,1908,1875,1875,1875,0,清
88f7e0d4817b57e30c6533a0f93ee5f3, 陝西 ,清 乾隆 ,1783,三原縣志 不分卷,（清）劉紹攽纂修 ,（清）劉紹攽,,,,,,清乾隆四十八年刻本,1735-1796,chi,地方志,清,1783,1783,1783,1765.5,1735,1796,61,清
54f4ec26a32f2a7b13a47f719a69bfee,河北,萬曆,1573-1620,(萬曆)保定府志,(明)李侃修(明)王國楨續修　 ,（明）李侃,（明）王國楨,,,,,明隆慶五年刻萬曆三十五年增修本,1571,chi,地方志,明,1596.5,1573,1620,1571,1571,1571,0,明
9ccfc4ef776ce6a76aecb20528027734,廣東,民國,1912-1912,(民國)開平縣志,(民國)范鎧修(民國)張啓煌纂　 ,（民國）范鎧,（民國）張啓煌,,,,,民國二十二年鉛印本,1933,chi,地方志,民國,1912,1912,1912,1933,1933,1933,0,民國
7c3d36ea55cb9a355168a70661610a3a,海南,道光,1821-1850,(道光)瓊州府志,(清)明誼修(清)張岳菘纂　 ,（清）明誼,（清）張岳菘,,,,,道光二十一年序民国十二年海口海南書局鉛印本,1841,chi,地方志,清,1835.5,1821,1850,1841,1841,1841,0,清
6918093ccd5d7c15e553a5c68fd08f90,河北 ,康熙,1695,鄒平縣志 8卷,（清）程素期修 程之芳纂,（清）程素期,（清）程之芳,,,,,清康熙三十四年刻本,1661-1722,chi,地方志,清,1695,1695,1695,1691.5,1661,1722,61,清
4031e8d7cd0c1ca29102630dc87352d9, 湖北 ,清 道光 ,1850,黃陂縣志稿 不分卷,（清）金國鈞纂 ,（清）金國鈞,,,,,,民國十二年鉛印本,1820-1850,chi,地方志,清,1850,1850,1850,1835,1820,1850,30,清
885c84447d6629965cc3f968f53fb823, 廣西 ,民國 ,1936,信都縣志 10編,（民國）羅春芳修 （民國）王崐山纂,（民國）羅春芳,（民國）王崐山,,,,,民國二十五年鉛印本,1911-1949,chi,地方志,民國,1936,1936,1936,1930,1911,1949,38,民國
3fc5a84de65236325014e8864d19294e,四川,乾隆,1754,高安縣志 12卷,（清）聶元善纂修,（清）聶元善,,,,,,清乾隆十九年刻本,1735-1796,chi,地方志,清,1754,1754,1754,1765.5,1735,1796,61,清
efca59e6dbc4d45e7d384b9dbbf4f890,山東,光緒,1893,雷波廳志 36卷,（清）秦雲龍修 萬科進纂,（清）秦雲龍,（清）萬科進,,,,,清光緒十九年刻本,1875-1908,chi,地方志,清,1893,1893,1893,1891.5,1875,1908,33,清
b7b7cdbf9738c03de5c832b78ed81a20, 廣西 ,清 乾隆 ,1781,興業縣志 4卷,（清）王巡泰纂修 ,（清）王巡泰,,,,,,清乾隆四十六年刻本,1735-1796,chi,地方志,清,1781,1781,1781,1765.5,1735,1796,61,清
1283f4932cedfb1a61392c6cf381cb11,廣東,民國,1912-1912,(民國)潮州府志略不分卷,(民國)潘載和纂　 ,（民國）潘載和,,,,,,民國二十二年鉛印本,1933,chi,地方志,民國,1912,1912,1912,1933,1933,1933,0,民國
d950e2ea914760914bd55c948227b88f,廣東,道光,1821-1850,(道光)新寧縣志10卷,(清)張深修(清)溫訓纂　 ,（清）張深,（清）溫訓,,,,,清道光十九年刻本,1839,chi,地方志,清,1835.5,1821,1850,1839,1839,1839,0,清
cc7a1f9799ff2843ca37d883c03e530c,山東,道光,1821-1850,(道光)重修膠州志,(清)張同聲修(清)李圖等纂　 ,（清）張同聲,（清）李圖,,,,,清道光二十五年刻本,1845,chi,地方志,清,1835.5,1821,1850,1845,1845,1845,0,清
09a966ea2fd2910006b70787156f5781,北京,雍正,1723-1735,(雍正)平谷縣志3卷,(清)任在陛修(清)李柱明纂(清)項景倩續修　 ,（清）任在陛,（清）李柱明,（清）項景倩,,,,清雍正六年增刻本,1728,chi,地方志,清,1729,1723,1735,1728,1728,1728,0,清
404a4ea07d0981893d4fbbcb1d0eaa5b, 陝西 ,清 光緒 ,1891,富平縣志稿 10卷,（清）樊增祥修 （清）田兆岐纂,（清）樊增祥,（清）田兆岐,,,,,清光緒十七年刊本,1875-1908,chi,地方志,清,1891,1891,1891,1891.5,1875,1908,33,清
31e5d31e76eca32e012d94a07174f409,陝西,嘉靖,1542,陝西通志 40卷,（明）趙廷瑞纂修,（明）趙廷瑞,,,,,,明嘉靖二十一年刊本,1521-1566,chi,地方志,明,1542,1542,1542,1543.5,1521,1566,45,明
12fd9be3fb7ccd48ea736b56bb314e22,湖北,康熙,1662-1722,(康熙)松滋縣志,(清)陳麟修(清)丁楚琮纂　 ,（清）陳麟,（清）丁楚琮,,,,,清康熙三十五年刻本,1696,chi,地方志,清,1692,1662,1722,1696,1696,1696,0,清
9c7c0ebd65194d2de5618971eb6001c3,浙江,光緒,1875-1908,(光緒)分疆錄,(清)林鶚撰(清)林用霖續編纂  ,（清）林鶚,（清）林用霖,,,,,清康熙四年刊本,1665,chi,地方志,清,1891.5,1875,1908,1665,1665,1665,0,清
eaabd35d2e62fe9d18b401ff3991af26,湖北,民國,1912-1912,(民國)麻城縣志續編,(民國)余晉芳纂　 ,（民國）余晉芳,,,,,,民國二十四年鉛印本,1935,chi,地方志,民國,1912,1912,1912,1935,1935,1935,0,民國
009b71c0e4aa715fd432e562c1cfb86a, 山東 ,清 光緒 ,1908,嘉祥縣志 4卷,（清）章文華修 （清）官擢午纂,（清）章文華,（清）官擢午,,,,,清光緒三十四年刻本,1875-1908,chi,地方志,清,1908,1908,1908,1891.5,1875,1908,33,清
82d5b3fabb3fecab70708231f7d9ce5f,四川,民國,1928,重修汜水縣志 12卷,（民國）田金祺修 張豋雲纂,（民國）田金祺,（民國）張豋雲,,,,,民國十七年鉛印本,1911-1949,chi,地方志,民國,1928,1928,1928,1930,1911,1949,38,民國
dcaadb78624a321efe8c01694be66219,河南,民國,1912-1912,(民國)太康縣志,(民國)杜鴻賓修(民國)劉盼遂纂　 ,（民國）杜鴻賓,（民國）劉盼遂,,,,,民國二十二年鉛印本,1933,chi,地方志,民國,1912,1912,1912,1933,1933,1933,0,民國
840d0cb7f40dccde067de416c8db439d, 安徽 ,民國 ,1925,太和縣志 12卷,（民國）丁炳烺修 （民國）吳承志等纂,（民國）丁炳烺,（民國）吳承志,,,,,民國十四年鉛印本,1911-1949,chi,地方志,民國,1925,1925,1925,1930,1911,1949,38,民國
b94db50681704bbc0db5c6a74e6e4a29,江西,同治,1862-1875,(同治)瀘溪縣志,(清)楊松兆(清)孫毓秀修(清)彭鍾華等纂　 ,（清）楊松兆,（清）孫毓秀,（清）彭鍾華,,,,清同治九年刻本,1870,chi,地方志,清,1868.5,1862,1875,1870,1870,1870,0,清
65694e2e503bf87ee820aa79db0d1b0f,湖北,同治,1862-1875,(同治)增修施南府志,(清)松林(清)周慶榕修(清)何遠鑒(清)廖彭齢纂　 ,（清）松林,（清）周慶榕,（清）何遠鑒,（清）廖彭齢,,,清同治十年刻本,1871,chi,地方志,清,1868.5,1862,1875,1871,1871,1871,0,清
1aff710c3439ec3f1b02ad32b5e1f100,貴州,光緒,1875-1908,(光緒)荔波縣志,(清)恩端修(清)董成烈纂　 ,（清）恩端,（清）董成烈,,,,,清光緒元年鈔本,1875,chi,地方志,清,1891.5,1875,1908,1875,1875,1875,0,清
5d2d407e150e60ad90071a4388ffe634, 山東 ,清 乾隆 ,1760,泰安府志 30卷,（清）顏希深修 （清）成城纂,（清）顏希深,（清）成城,,,,,清乾隆二十五年刻本,1735-1796,chi,地方志,清,1760,1760,1760,1765.5,1735,1796,61,清
b785bb3409f452801739ded724290d90, 安徽 ,清 光緒 ,1888,宣城縣志 40卷,（清）李應泰修 （清）章綬纂,（清）李應泰,（清）章綬,,,,,清光緒十四年刊本,1875-1908,chi,地方志,清,1888,1888,1888,1891.5,1875,1908,33,清
4c68a6bb8c78df47364d179605525fb6,湖北,同治,1862-1875,(同治)松滋縣志12卷,(清)吕縉雲修(清)朱美燮纂 ,（清）吕縉雲,（清）朱美燮,,,,,清同治八年刻本,1869,chi,地方志,清,1868.5,1862,1875,1869,1869,1869,0,清
0d514fa76bac01a2a4addb0a7dde1019,四川,光緒,1875-1908,(光緒)蓬溪縣續志4卷,(清)周學銘修(清)熊祥謙纂 ,（清）周學銘,（清）熊祥謙,,,,,清光緒二十五年刻本,1899,chi,地方志,清,1891.5,1875,1908,1899,1899,1899,0,清
17ed9455d7e06a331f441b06f343f4ec,江西,光緒,1876,長寧縣志 4卷,（清）沈鎔經修 劉德桃纂,（清）沈鎔經,（清）劉德桃,,,,,清光緒二年刻本,1875-1908,chi,地方志,清,1876,1876,1876,1891.5,1875,1908,33,清
ac90fa6680c08bddc8b480512408e17d,廣西壯族自治區,萬曆,1573-1620,(萬曆)太平府志,(明)蔡迎恩修(明)甘東陽纂　 ,（明）蔡迎恩,（明）甘東陽,,,,,明萬曆五年刻本,1577,chi,地方志,明,1596.5,1573,1620,1577,1577,1577,0,明
752cbb86a1ebf8d4dfe9fed4fd2ddf13,江西,光緒,1875-1908,(光緒)撫州府志,(清)許應鑅(清)朱澄瀾修(清)謝煌等纂　 ,（清）許應鑅,（清）朱澄瀾,（清）謝煌,,,,清光緒二年刻本,1876,chi,地方志,清,1891.5,1875,1908,1876,1876,1876,0,清
24487077e4a800dfaafec5648e9c173a,新疆,乾隆,1736,趙州志 4卷,（清）程近仁修 趙淳纂,（清）程近仁,（清）趙淳,,,,,清乾隆元年刻本,1735-1796,chi,地方志,清,1736,1736,1736,1765.5,1735,1796,61,清
10ae7ae448a6a86c711e96053097fa39, 浙江 ,清 同治 ,1874,安吉縣志 18卷,（清）汪榮修 （清）張行孚纂,（清）汪榮,（清）張行孚,,,,,清同治十三年刻本,1861-1875,chi,地方志,清,1874,1874,1874,1868,1861,1875,14,清
68d1180b15877fa7d7179bcd9e0e585d,雲南,宣統,1909-1912,(宣統)楚雄縣志,(清)沈淮修(清)沈宗舜纂　,（清）沈淮,（清）沈宗舜,,,,,清宣統二年鈔本,1910,chi,地方志,清,1910.5,1909,1912,1910,1910,1910,0,清
6938333c3fae4fb2fcff55ff9dca04e2,江西,嘉靖,1522-1567,(嘉靖)贛州府志,(明)董天錫等纂　 ,（明）董天錫,,,,,,明嘉靖刻本,1522,chi,地方志,明,1544.5,1522,1567,1522,1522,1522,0,明
4acd5571da17feb9cc289d5078572182,河北 ,光緒,1900,井研縣志 42卷,（清）葉桂年修 龔煦春纂,（清）葉桂年,（清）龔煦春,,,,,清光緒二十六年刻本,1875-1908,chi,地方志,清,1900,1900,1900,1891.5,1875,1908,33,清
210f26bfad9e23d6a394bcf552cde8db,江蘇,道光,1821-1850,(道光)上元縣志,(清)武念祖修(清)陳栻纂　 ,（清）武念祖,（清）陳栻,,,,,清道光四年刻本,1824,chi,地方志,清,1835.5,1821,1850,1824,1824,1824,0,清
e0b76ce593dab9d1e2e3aaa1ee8c5910,河南,光緒,1875-1908,(光緒)陜州直隸州續志10卷,(清)黄璟修(清)李本龢纂 ,（清）黄璟,（清）李本龢,,,,,清光緒十八年刻本,1892,chi,地方志,清,1891.5,1875,1908,1892,1892,1892,0,清
2637182ce720c5c4b9317b208b8bb165, 江西 ,民國 ,1940,分宜縣志 16卷,（民國）蕭家修修 （民國）歐陽紹祁纂,（民國）蕭家,（民國）歐陽紹祁,,,,,民國二十九年石印本,1911-1949,chi,地方志,民國,1940,1940,1940,1930,1911,1949,38,民國
b6e12b7059ff63c3cc15d39adb2cfb36,湖南,同治,1871,宜春縣志 10卷,（清）路青雲修 陳瑜纂,（清）路青雲,（清）陳瑜,,,,,清同治十年刻本,1861-1875,chi,地方志,清,1871,1871,1871,1868,1861,1875,14,清
22b41902c215da424b554c47431359d2, 福建 ,民國 ,1930,永春縣志 28卷,（民國）鄭翹松纂 ,（民國）鄭翹松,,,,,,民國十九年鉛印本,1911-1949,chi,地方志,民國,1930,1930,1930,1930,1911,1949,38,民國
025ba5e8179b063477a3e6f9c3893a7e,湖北 ,光緒,1882,祁縣志 16卷,（清）劉發岏修 李芬纂,（清）劉發岏,（清）李芬,,,,,清光緒八年刻本,1875-1908,chi,地方志,清,1882,1882,1882,1891.5,1875,1908,33,清
f85395586ba7536d56f71010a0f49c88,江西,道光,1821-1850,(道光)義寧州志32卷,(清)曾暉春修(清)查望洋纂 ,（清）曾暉春,（清）查望洋,,,,,清道光四年刻本,1824,chi,地方志,清,1835.5,1821,1850,1824,1824,1824,0,清
4357ced224e14dd2d8bb38941a208c25, 湖北 ,清 乾隆 ,1796,來鳳縣志 12卷,（清）林翼池修 （清）蒲又洪纂,（清）林翼池,（清）蒲又洪,,,,,清内府本,1735-1796,chi,地方志,清,1796,1796,1796,1765.5,1735,1796,61,清
5259fddea8fc59b364649c750fdee006,河北,萬曆,1573-1620,(萬曆)安平縣志(存1卷),(明)王沂修(明)王三餘纂　 ,（明）王沂,（明）王三餘,,,,,明萬曆十七年刻本,1589,chi,地方志,明,1596.5,1573,1620,1589,1589,1589,0,明
690c52e144164dd7eaf0464675fc1cd6,山東,康熙,1662-1722,(康熙)臨清州志,(清)于睿明修(清)胡悉寧等纂　 ,（清）于睿明,（清）胡悉寧,,,,,清康熙十三年刻本,1674,chi,地方志,清,1692,1662,1722,1674,1674,1674,0,清
fcbf230077e9cb8bcecadd52892d48ca,四川,民國,1912-1912,(民國)安縣續志6卷,(民國)成雲章修(民國)陳紹欽纂 ,（民國）成雲章,（民國）陳紹欽,,,,,民國二十七年石印本,1938,chi,地方志,民國,1912,1912,1912,1938,1938,1938,0,民國
1aeb24cf8752afa29ccfc51fbb46b85e,浙江,民國,1912-1912,(民國)蕭山縣志稿,(民國)張宗海等修(民國)楊士龍等纂  ,（民國）張宗海,（民國）楊士龍,,,,,民國二十四年鉛印本,1935,chi,地方志,民國,1912,1912,1912,1935,1935,1935,0,民國
91ed9ec56938a54159656a5e6f1aaff4,山西,光緒,1875-1908,(光緒)懷仁縣新志,(清)李長華修(清)姜利仁纂(清)汪大浣續修　 ,（清）李長華,（清）姜利仁,（清）汪大浣,,,,清光緒三十一年增補續刻本,1905,chi,地方志,清,1891.5,1875,1908,1905,1905,1905,0,清
a6b877d3961a1a93c6de57fc8d0f7be2,廣東,民國,1930,遂安縣志 10卷,（民國）羅柏麓 姚桓纂修,（民國）羅柏麓,（民國）姚桓,,,,,民國十九年刻本,1911-1949,chi,地方志,民國,1930,1930,1930,1930,1911,1949,38,民國
ce5c92bc1cfae1438635afb0c4a6fb76, 湖北 ,清 光緒 ,1882,雲夢縣志略 10卷,（清）吳念椿修 （清）程壽昌纂,（清）吳念椿,（清）程壽昌,,,,,清光緒八年刊本,1875-1908,chi,地方志,清,1882,1882,1882,1891.5,1875,1908,33,清
3eb7edca49ad01c5f5dd82aa271917c2,陝西,道光,1821-1850,(道光)清澗縣志,(清)鍾章元修(清)陳第頌等纂　 ,（清）鍾章元,（清）陳第頌,,,,,清道光八年刻鈔本,1828,chi,地方志,清,1835.5,1821,1850,1828,1828,1828,0,清
66b0465efb494024debb47fc911f0be3,四川,乾隆,1736-1796,(乾隆)郫縣志書,(清)李馨纂修　 ,（清）李馨,,,,,,清乾隆十六年刻本,1751,chi,地方志,清,1766,1736,1796,1751,1751,1751,0,清
cd79764deedbfb8a7b5794ff96949065,湖南,乾隆,1736-1796,(乾隆)永順縣志4卷,(清)王伯麟續纂修　 ,（清）王伯麟,,,,,,清乾隆十年刻本,1745,chi,地方志,清,1766,1736,1796,1745,1745,1745,0,清
d7bb3862e87395e9d469ef6e0303ba9d,山東,光緒,1875,正定縣志 46卷,（清）慶之金修 趙文濂纂,（清）慶之金,（清）趙文濂,,,,,清光緒元年刻本,1875-1908,chi,地方志,清,1875,1875,1875,1891.5,1875,1908,33,清
5910b574f5ee0b0a5789db9c441b68fc, 安徽 ,清 道光 ,1829,阜陽縣志 24卷,（清）周天爵修 （清）李復慶等纂,（清）周天爵,（清）李復慶,,,,,清道光九年刊本,1820-1850,chi,地方志,清,1829,1829,1829,1835,1820,1850,30,清
8583f198644556187c294cf87a79c0eb,四川,順治,1657,汾陽縣志 4卷,（清）吳世英修 劉文德纂,（清）吳世英,（清）劉文德,,,,,清順治十四年刻本,1643-1661,chi,地方志,清,1657,1657,1657,1652,1643,1661,18,清
b0135d4d597297a588257bd5deabed22,湖南,民國,1912-1912,(民國)藍山縣圖志35卷,(民國)雷飛鵬纂　 ,（民國）雷飛鵬,,,,,,民國二十二年刊本,1933,chi,地方志,民國,1912,1912,1912,1933,1933,1933,0,民國
69b173fdb82dda626f8b3b659dceefe8,江西,同治,1862-1875,(同治)龍泉縣志18卷,(清)王肇渭修(清)郭崇煇纂 ,（清）王肇渭,（清）郭崇煇,,,,,清同治十二年刻本,1873,chi,地方志,清,1868.5,1862,1875,1873,1873,1873,0,清
5864d9cef36d098ee41069dbb5dfac48,山東,乾隆,1736-1796,(乾隆)濰縣志,(清)張耀璧修(清)王誦芬纂　 ,（清）張耀璧,（清）王誦芬,,,,,清乾隆二十五年刻本,1760,chi,地方志,清,1766,1736,1796,1760,1760,1760,0,清
6a86f71f477a4eb85f65e1b68af5c921,雲南,民國,1912-1912,(民國)景東縣志稿22卷,(民國)周汝釗修侯應中纂　 ,（民國）周汝釗,侯應中,,,,,民國十二年石印本,1913,chi,地方志,民國,1912,1912,1912,1913,1913,1913,0,民國
b9431f5199d320c1f9cf594ac2f5fbe5, 廣東 ,明 萬曆 ,1620,高州府志 10卷,（明）曹志遇纂 ,（明）曹志遇,,,,,,明萬曆刻本,1572-1620,chi,地方志,明,1620,1620,1620,1596,1572,1620,48,明
ec16839198e9ab7e9193253e060000ec,江蘇,隆慶,1567-1572,(隆慶)海州志,(明)陳復亨纂修　 ,（明）陳復亨,,,,,,明隆慶刻本,1567,chi,地方志,明,1569.5,1567,1572,1567,1567,1567,0,明
b3054dde1d1b1e268aaa348d38b88688,安徽,民國,1912-1912,(民國)潁上縣志校補1卷,(民國)余炳成纂 ,（民國）余炳成,,,,,,民國十九年鉛印本,1920,chi,地方志,民國,1912,1912,1912,1920,1920,1920,0,民國
18c2f1d4ee5cc53c59d6834af9247947,河北,乾隆,1736-1796,(乾隆)隆平縣志10卷,(清)袁文煥纂修　 ,（清）袁文煥,,,,,,清乾隆二十九年鈔本,1764,chi,地方志,清,1766,1736,1796,1764,1764,1764,0,清
5358eebfc5f1f7175a76acf409804a49,江西,順治,1644-1661,(順治)贛石城縣志10卷,(清)郭堯京修(清)鄭斗光纂　 ,（清）郭堯京,（清）鄭斗光,,,,,清順治十七年刻本,1660,chi,地方志,清,1652.5,1644,1661,1660,1660,1660,0,清
082ed8e142ccdc294791bae1cc6cc155,江蘇,萬曆,1573-1620,(萬曆)重修崑山縣志,(明)周世昌撰　 ,（明）周世昌,,,,,,明萬曆四年年刊本,1573,chi,地方志,明,1596.5,1573,1620,1573,1573,1573,0,明
d7251e2db33dea976285aa6c3e8711c0,山西,光緒,1875-1908,(光緒)河津縣志,(清)茅丕煕(清)楊漢章修(清)程象濂(清)韓秉釣纂　 ,（清）茅丕煕,（清）楊漢章,（清）程象濂,（清）韓秉釣,,,清光緒六年刻本,1880,chi,地方志,清,1891.5,1875,1908,1880,1880,1880,0,清
6c6298e7a252b4d335b1dbb66fdd86ca,山西,民國,1912-1912,(民國)武鄉新志4卷,(民國)張揚祚修(民國)郝世楨纂 ,（民國）張揚祚,（民國）郝世楨,,,,,民國十八年鉛印本,1919,chi,地方志,民國,1912,1912,1912,1919,1919,1919,0,民國
1331dce4aa96f5fd80c70ae530412bdd,江蘇,乾隆,1736-1796,(乾隆)小海場新志10卷,(清)林正青纂　 ,（清）林正青,,,,,,清乾隆四年刊本,1739,chi,地方志,清,1766,1736,1796,1739,1739,1739,0,清
3044a8bba3979689ab361679f00b37bf, 湖北 ,清 同治 ,1865,咸豐縣志 20卷,（清）張梓修 （清）張光杰纂,（清）張梓,（清）張光杰,,,,,清同治四年刊本,1861-1875,chi,地方志,清,1865,1865,1865,1868,1861,1875,14,清
bf8f20433dcfd119b75d929e21a5e780,福建,乾隆,1736-1796,(乾隆)安溪縣志,(清)王肇賜修(清)沈鍾纂　 ,（清）王肇賜,（清）沈鍾,,,,,清乾隆二十二年刻本,1757,chi,地方志,清,1766,1736,1796,1757,1757,1757,0,清
bd5ab7d5cad0d258c7fdf1f5850b8622,四川,雍正,1733,處州府志 20卷,（清）曹掄彬修 朱肇濟纂,（清）曹掄彬,（清）朱肇濟,,,,,清雍正十一年刊本,1722-1735,chi,地方志,清,1733,1733,1733,1728.5,1722,1735,13,清
f2fdd67c1cdd5d17fd903f68f9ea5843,山東,民國,1912-1912,(民國)續修臨沂縣志17卷,(民國)范築先修(民國)李宗仁纂 ,（民國）范築先,（民國）李宗仁,,,,,民國二十四年鉛印本,1935,chi,地方志,民國,1912,1912,1912,1935,1935,1935,0,民國
b2197eed179ef4e88c473b76a83d2b97, 江西 ,民國 ,1919,德興縣志 10卷,（民國）沈良弼修 （民國）董鳳笙纂,（民國）沈良弼,（民國）董鳳笙,,,,,民國八年刻本,1911-1949,chi,地方志,民國,1919,1919,1919,1930,1911,1949,38,民國
1e46bc1faf6a06596d8cb118bb550732, 廣西 ,民國 ,1935,羅城縣志 12卷,（民國）江碧秋修 （民國）潘寳籙纂,（民國）江碧秋,（民國）潘寳籙,,,,,民國二十四年鉛印本,1911-1949,chi,地方志,民國,1935,1935,1935,1930,1911,1949,38,民國
8b3d1550f5359635647bca7d94bd3b68,河北,光緒,1875-1908,(光緒)保定府志,(清)勞逢源修(清)張豫塏纂　 ,（清）勞逢源,（清）張豫塏,,,,,清光緒十二年刻本,1886,chi,地方志,清,1891.5,1875,1908,1886,1886,1886,0,清
42973ae57fb168713ea21bfcb656c0fe,浙江,乾隆,1777,東安縣志 8卷,（清）吳德潤修 毛世卿纂,（清）吳德潤,（清）毛世卿,,,,,清乾隆四十二年重修本,1735-1796,chi,地方志,清,1777,1777,1777,1765.5,1735,1796,61,清
5aa025388072d11d9af092bd9cc524d0,山西,民國,1912-1912,(民國)榆次縣志20卷,(民國)張敬顥修(民國)常麟書纂 ,（民國）張敬顥,（民國）常麟書,,,,,民國三十一年刻本,1942,chi,地方志,民國,1912,1912,1912,1942,1942,1942,0,民國
ed1323d85e078906aabc631aedfdae9d,山西,康熙,1662-1722,(康熙)重修靜樂縣志10卷,(清)黄圖昌修　 ,（清）黄圖昌,,,,,,清康熙三十九年刻本,1700,chi,地方志,清,1692,1662,1722,1700,1700,1700,0,清
3cc9aceb6682774eadbee5669febd02e,浙江,康熙,1673,嘉定縣志 24卷,（清）趙昕修 蘇淵纂,（清）趙昕,（清）蘇淵,,,,,清康熙十二年刻本,1661-1722,chi,地方志,清,1673,1673,1673,1691.5,1661,1722,61,清
94c47d4dc3f11e134a816d0d3f5334a9,寧夏自治區,宣統,1909-1912,(宣統)固原州志,(清)王學伊撰　 ,（清）王學伊,,,,,,清宣統元年官報書局刻本,1909,chi,地方志,清,1910.5,1909,1912,1909,1909,1909,0,清
2b36c31cc2fafc9352fbfd809b998911, 山西 ,清 乾隆 ,1796,平陸縣志 16卷,（清）言如泗總修 （清）韓夔典纂修,（清）言如泗,（清）韓夔典,,,,,民國二十一年石印本,1735-1796,chi,地方志,清,1796,1796,1796,1765.5,1735,1796,61,清
6c53c28ebc8bce84abb53e7f8d3250e9,甘肅,光緒,1875-1908,(光緒)甘肅新通志100卷,(清)長庚修(清)安維峻纂 ,（清）長庚,（清）安維峻,,,,,清宣統元年刻本,1909,chi,地方志,清,1891.5,1875,1908,1909,1909,1909,0,清
ff8bdbb508ef9e024f237e0070b3efd7, 陝西 ,民國 ,1935,續修醴泉縣志稿 14卷,（民國）曹驥觀撰 ,（民國）曹驥觀,,,,,,民國二十四年鉛印本,1911-1949,chi,地方志,民國,1935,1935,1935,1930,1911,1949,38,民國
8795efbf9cc73ba6dbaef701703a2c85,湖北,光緒,1904,續補興國州志 3卷,（清）賀祖蔚修 劉鳳綸纂,（清）賀祖蔚,（清）劉鳳綸,,,,,清光緒三十年刻本,1875-1908,chi,地方志,清,1904,1904,1904,1891.5,1875,1908,33,清
fa114546327092a3f23c8d474b1e34dd,安徽,萬曆,1573-1620,(萬曆)六安州志,(明)李懋檜纂修　 ,（明）李懋檜,,,,,,明萬曆十二年刻本,1584,chi,地方志,明,1596.5,1573,1620,1584,1584,1584,0,明
637a4541645755483bc47e6fae617c6d,山東,光緒,1875-1908,(光緒)增修登州府志,(清)方汝翼(清)賈瑚修(清)周悦讓(清)慕榮榦纂　 ,（清）方汝翼,（清）賈瑚,（清）周悦讓,（清）慕榮榦,,,清光緒七年刻本,1881,chi,地方志,清,1891.5,1875,1908,1881,1881,1881,0,清
226016ceb6e3bc3763ef792455680c54, 雲南 ,清 康熙 ,1722,永昌府志 26卷,（清）羅綸修 （清）李文淵纂,（清）羅綸,（清）李文淵,,,,,清康熙刻本,1661-1722,chi,地方志,清,1722,1722,1722,1691.5,1661,1722,61,清
22efcfffd9f88dd89de33743ad7617bc, 江西 ,清 乾隆 ,1760,蓮花廳志 8卷,（清）李其昌纂修 ,（清）李其昌,,,,,,清乾隆二十五年刻本,1735-1796,chi,地方志,清,1760,1760,1760,1765.5,1735,1796,61,清
ee4edbef45a7428bee17980a0b7c3d47,山東,乾隆,1736-1796,(乾隆)青城縣志,(清)方鳳修(清)戴文熾(清)周瑊纂　 ,（清）方鳳,（清）戴文熾,（清）周瑊,,,,清乾隆二十四年刻本,1759,chi,地方志,清,1766,1736,1796,1759,1759,1759,0,清
b48e63fc2cb1238c520e81bacd0144fd,雲南,康熙,1662-1722,(康熙)黑鹽井志8卷,(清)沈懋價修(清)楊璿纂　 ,（清）沈懋價,（清）楊璿,,,,,清康熙四十九年刊刻鈔本,1710,chi,地方志,清,1692,1662,1722,1710,1710,1710,0,清
f02fc9e1e5b194520bb810f89342e5a7,江蘇,萬曆,1573-1620,(萬曆)應天府志,(明)汪宗伊(明)程嗣功修(明)陳舜仁等編　 ,（明）汪宗伊,（明）程嗣功,（明）陳舜仁,,,,明萬曆刻增修本,1573,chi,地方志,明,1596.5,1573,1620,1573,1573,1573,0,明
6158cdace9308d4f7258c6665d4df686,湖南,嘉靖,1522-1567,(嘉靖)湘陰縣志,(明)張燈纂修(明)李廷龍補纂　 ,（明）張燈,（明）李廷龍,,,,,明嘉靖三十三年刻嘉靖四十四年増修後印本,1554,chi,地方志,明,1544.5,1522,1567,1554,1554,1554,0,明
45b2e032c02ab674ec406d3c58d11904,遼寧,民國,1912-1912,(民國)撫順縣志,(民國)張克湘修(民國)周之楨纂　 ,（民國）張克湘,（民國）周之楨,,,,,民國二十年修據鈔本,1931,chi,地方志,民國,1912,1912,1912,1931,1931,1931,0,民國
3f82d57135cd795662fa0c63ec46e625,四川,康熙,1697,上猶縣志 10卷,（清）章振蕚纂,（清）章振蕚,,,,,,清康煕三十六年刻本,1661-1722,chi,地方志,清,1697,1697,1697,1691.5,1661,1722,61,清
32883b343eb8b400d27af8030b743b87,海南,康熙,1669,樂會縣志 不分卷,（清）林子蘭修 陳宗琛纂,（清）林子蘭,（清）陳宗琛,,,,,清康熙八年刻本,1661-1722,chi,地方志,清,1669,1669,1669,1691.5,1661,1722,61,清
ec5cc6f6e3041e84a611a9677009dec9, 浙江 ,明 天啓 ,1626,舟山志 4卷,（明）何汝賓輯 ,（明）何汝賓,,,,,,景鈔明天啓六年何氏刊本,1620-1627,chi,地方志,明,1626,1626,1626,1623.5,1620,1627,7,明
e8c0a02319df81cb7716960ad8ad32c5,江西,民國,1916,沙市志略 10卷,（民國）王百川纂 唐祖培補,（民國）王百川,（民國）唐祖培,,,,,民國五年鉛印本,1911-1949,chi,地方志,民國,1916,1916,1916,1930,1911,1949,38,民國
018000889858e44ea1c5db95c68986eb,重慶,同治,1862-1875,(同治)忠州直隸州志12卷,(清)侯若源修柳福培纂 ,（清）侯若源,柳福培,,,,,清同治十二年刻本,1873,chi,地方志,清,1868.5,1862,1875,1873,1873,1873,0,清
8fb04ad88b234930b30fa74e6a6feb35,山東,民國,1912-1912,(民國)夏津縣志續編10卷,(民國)謝錫文修(民國)許宗海纂 ,（民國）謝錫文,（民國）許宗海,,,,,民國二十三年鉛印本,1934,chi,地方志,民國,1912,1912,1912,1934,1934,1934,0,民國
a479797706b918a2d212d231fc6ce1c8,青海,民國,1912-1912,(民國)西寧縣志34卷,(民國)何天瑞修桂坫纂 ,（民國）何天瑞,桂坫,,,,,民國二十六年鉛印本,1937,chi,地方志,民國,1912,1912,1912,1937,1937,1937,0,民國
72acff04e889713f9b7fbd6c4de40c06, 湖南 ,清 康熙 ,1716,耒陽縣志 8卷,（清）張應星纂修 ,（清）張應星,,,,,,清康熙五十五年刻本,1661-1722,chi,地方志,清,1716,1716,1716,1691.5,1661,1722,61,清
e9258e211b64ff13155876b9a09506f6,陝西,光緒,1875-1908,(光緒)白河縣志,(清)顧騄修(清)王賢輔(清)李宗麟纂　 ,（清）顧騄,（清）王賢輔,（清）李宗麟,,,,清光緒十九年刻本,1893,chi,地方志,清,1891.5,1875,1908,1893,1893,1893,0,清
d79bcbae392465e42b2c440eac389844,湖北,同治,1862-1875,(同治)建始縣志,(清)熊啓詠纂修　 ,（清）熊啓詠,,,,,,清同治五年刻本,1866,chi,地方志,清,1868.5,1862,1875,1866,1866,1866,0,清
5182db12aa880cb58028f249d457c6d3, 山西 ,清 康熙 ,1682,黎城縣志 4卷,（清）程大夏修 （清）李御纂,（清）程大夏,（清）李御,,,,,清康熙二十一年刻本,1661-1722,chi,地方志,清,1682,1682,1682,1691.5,1661,1722,61,清
d11f25bc561803fcfca2d7bfbdf3b88b, 河北 ,民國 ,1934,霸縣新志 8卷,（民國）張仁蠡修 （民國）劉崇本纂,（民國）張仁蠡,（民國）劉崇本,,,,,民國二十三年鉛印本,1911-1949,chi,地方志,民國,1934,1934,1934,1930,1911,1949,38,民國
1b560c8c4f887197a580c05ab2ec37d2, 河北 ,清 康熙 ,1673,青縣志 4卷,（清）姚景圖修 （清）劉炳纂,（清）姚景圖,（清）劉炳,,,,,清康熙十二年刻本,1661-1722,chi,地方志,清,1673,1673,1673,1691.5,1661,1722,61,清
3efaed715194dde1c11b17c49a7c42b9, 雲南 ,清 宣統 ,1910,楚雄縣志 12卷,（清）崇謙修 （清）沈宗舜纂,（清）崇謙,（清）沈宗舜,,,,,清宣統二年鈔本,1908-1911,chi,地方志,清,1910,1910,1910,1909.5,1908,1911,3,清
b5440db42fea773461b5594208073415,山西,乾隆,1753,宣平縣志 16卷,（清）陳加儒修 祝復禮纂,（清）陳加儒,（清）祝復禮,,,,,清乾隆十八年刊本,1735-1796,chi,地方志,清,1753,1753,1753,1765.5,1735,1796,61,清
d4989dfa430dfbd1b024e9ae573d170b,江蘇,嘉靖,1522-1567,(嘉靖)新修靖江縣志,(明)王叔杲修(明)朱得之纂　 ,（明）王叔杲,（明）朱得之,,,,,明隆慶三年刻本,1569,chi,地方志,明,1544.5,1522,1567,1569,1569,1569,0,明
54a5dfeebe4d0a2557b30ed17a1ddb5b, 上海 ,民國 ,1936,川沙縣志 24卷,（民國）方鴻鎧修 （民國）黄炎培纂,（民國）方鴻鎧,（民國）黄炎培,,,,,民國二十五年刊本,1911-1949,chi,地方志,民國,1936,1936,1936,1930,1911,1949,38,民國
99adbf1bca1e3a20b6c993c2936a3a18,陝西,嘉慶,1812,續興安府志 8卷,（清）葉世倬纂修,（清）葉世倬,,,,,,清嘉慶十七年刻本,1796-1820,chi,地方志,清,1812,1812,1812,1808,1796,1820,24,清
ff3ff249463471480e6a9e87576014c6, 山東 ,民國 ,1926,續修歷城縣志 54卷,（民國）毛承霖纂修 ,（民國）毛承霖,,,,,,民國十五年鉛印本,1911-1949,chi,地方志,民國,1926,1926,1926,1930,1911,1949,38,民國
3610fdfc965833a7debbf20cb5e790f4,浙江,康熙,1684,嘉定縣續志 5卷,（清）聞在上修 許自俊纂,（清）聞在上,（清）許自俊,,,,,清康熙二十三年刻本,1661-1722,chi,地方志,清,1684,1684,1684,1691.5,1661,1722,61,清
adee5627c14391db9a603f67433298b1,廣東,民國,1912-1912,(民國)清遠縣志,(民國)謝祖安修(民國)朱汝珍纂　 ,（民國）謝祖安,（民國）朱汝珍,,,,,民國二十六年鉛印本,1937,chi,地方志,民國,1912,1912,1912,1937,1937,1937,0,民國
7b796d2a5b3846f806ba4adec5197e8c,安徽,乾隆,1736-1796,(乾隆)廬州衛志6卷,(清)尹煥纂修　 ,（清）尹煥,,,,,,清乾隆十二年刊本,1747,chi,地方志,清,1766,1736,1796,1747,1747,1747,0,清
8ff2620eebadc41d959e90816866a283,湖北,光緒,1875-1908,(光緒)孝感縣志,(清)朱希白等修(清)沈用增纂　 ,（清）朱希白,（清）沈用增,,,,,清光緒八年刊本,1882,chi,地方志,清,1891.5,1875,1908,1882,1882,1882,0,清
81e6d4653c88403898e8b8bed98ec572, 山東 ,清 道光 ,1841,武城縣志續編 14卷,（清）厲秀芳纂修 ,（清）厲秀芳,,,,,,清道光二十一年刻本,1820-1850,chi,地方志,清,1841,1841,1841,1835,1820,1850,30,清
85366f44f168f7abe093ac6254cf6d09,廣東,乾隆,1736-1796,(乾隆)高州府志16卷,(清)王□纂修　 ,（清）王□,,,,,,清乾隆二十四年刻本,1759,chi,地方志,清,1766,1736,1796,1759,1759,1759,0,清
5efa3aa014bf3ed47c7612c0d02e7f4c,山東,同治,1868,平鄉縣志 12卷,（清）蘇性纂修,（清）蘇性,,,,,,清同治七年刻本,1861-1875,chi,地方志,清,1868,1868,1868,1868,1861,1875,14,清
9c74f2568622c3f604ccc90ad93235aa,江西,康熙,1664,廣濟縣志 18卷,（清）王玉鉉修 王臨纂,（清）王玉鉉,（清）王臨,,,,,清康熙三年刻本,1661-1722,chi,地方志,清,1664,1664,1664,1691.5,1661,1722,61,清
0cb67d6c17a951b59ea0cd5a96613428,河北,民國,1912-1912,(民國)元氏縣志,(民國)林鴻賓修(民國)李林奎纂　 ,（民國）林鴻賓,（民國）李林奎,,,,,民國二十年鉛印本,1931,chi,地方志,民國,1912,1912,1912,1931,1931,1931,0,民國
78b4d14656aea280d4665b108f971635, 河南 ,清 光緒 ,1903,南樂縣志 10卷,（清）施有方修 （清）武勛朝纂,（清）施有方,（清）武勛朝,,,,,清光緒二十九年刊本,1875-1908,chi,地方志,清,1903,1903,1903,1891.5,1875,1908,33,清
e56405ff3fdac75c77d0ee485bd7c02f,湖北,同治,1862-1875,(同治)大冶縣志18卷,(清)胡復初修(清)黃昺杰纂 ,（清）胡復初,（清）黃昺杰,,,,,清同治六年刻本,1867,chi,地方志,清,1868.5,1862,1875,1867,1867,1867,0,清
3d92738656b06c74a95c3bc587bcb67c,四川,同治,1862-1875,(同治)續漢州志,(清)盛鎰源修(清)曾履中纂　 ,（清）盛鎰源,（清）曾履中,,,,,清同治八年刊本,1869,chi,地方志,清,1868.5,1862,1875,1869,1869,1869,0,清
813171d1dba4aeb9568efdb0b5d36874,江西,民國,1912-1912,(民國)樂安縣志13卷,(民國)李傳煦修(民國)王永貞纂 ,（民國）李傳煦,（民國）王永貞,,,,,民國七年石印本,1918,chi,地方志,民國,1912,1912,1912,1918,1918,1918,0,民國
1fd62ae68f1c089582fa7e6fa3c21cf4,河北,同治,1862-1875,(同治)清河縣志5卷,(清)王鏞修(清)郭兆藩纂 ,（清）王鏞,（清）郭兆藩,,,,,清同治十一年刻本,1872,chi,地方志,清,1868.5,1862,1875,1872,1872,1872,0,清
562e66d11541f572b62368cd16dab08a,山西,民國,1916,大理縣志稿 32卷,（民國）張培爵修 周宗麟纂,（民國）張培爵,（民國）周宗麟,,,,,民國五年鉛字重印本,1911-1949,chi,地方志,民國,1916,1916,1916,1930,1911,1949,38,民國
77142e31e8c9f413e35036b692442b01, 上海 ,清 光緒 ,1878,金山縣志 30卷,（清）龔寳琦修 （清）黄厚本纂,（清）龔寳琦,（清）黄厚本,,,,,清光緒四年刊本,1875-1908,chi,地方志,清,1878,1878,1878,1891.5,1875,1908,33,清
e20bbfef99fcfeff30246f190a4ff917,寧夏自治區,嘉慶,1796-1820,(嘉慶)靈州志迹4卷,(清)楊芳燦修(清)郭楷纂 ,（清）楊芳燦,（清）郭楷,,,,,清嘉慶三年刊刻本,1798,chi,地方志,清,1808,1796,1820,1798,1798,1798,0,清
c50db601e75b113fa9b94bef654d583e,陝西,道光,1821-1850,(道光)榆林府志,(清)李熙齡纂修　 ,（清）李熙齡,,,,,,清道光二十一年刻本,1841,chi,地方志,清,1835.5,1821,1850,1841,1841,1841,0,清
87a98ff1ef969ac36451cfb124539363,福建,乾隆,1736-1796,(乾隆)長汀縣志,(清)陳朝義纂修　 ,（清）陳朝義,,,,,,清内府本,1644,chi,地方志,清,1766,1736,1796,1644,1644,1644,0,清
2f568e09da692195f693041e1693fe00, 江蘇 ,民國 ,1920,光宣宜荊續志 12卷,（民國）陳善謨修 （民國）周志靖纂,（民國）陳善謨,（民國）周志靖,,,,,民國九年刊本,1911-1949,chi,地方志,民國,1920,1920,1920,1930,1911,1949,38,民國
159a6ce25d85a42af0b6cc4a7ec3c9a2,江蘇,順治,1644-1661,(順治)溧水縣志,(清)閔派鲁修(清)林古度纂　 ,（清）閔派鲁,（清）林古度,,,,,清順治刻本,1644,chi,地方志,清,1652.5,1644,1661,1644,1644,1644,0,清
38b7948f5874e0b06df7f2b2f629b631,河北,民國,1912-1912,(民國)萬全縣志12卷,(民國)路聯逵修(民國)任守恭纂 ,（民國）路聯逵,（民國）任守恭,,,,,民國二十三年鉛印本,1934,chi,地方志,民國,1912,1912,1912,1934,1934,1934,0,民國
81432bc11b983390b8301804da8a124c, 安徽 ,明 嘉靖 ,1566,天長縣志 7卷,（明）王心修 ,（明）王心,,,,,,明嘉靖刻本,1521-1566,chi,地方志,明,1566,1566,1566,1543.5,1521,1566,45,明
253a26eb8715e4e1d8dc1563879e3015,湖北,乾隆,1777,樂平縣志 8卷,（清）李早榮纂修,（清）李早榮,,,,,,清乾隆四十二年刻本,1735-1796,chi,地方志,清,1777,1777,1777,1765.5,1735,1796,61,清
e71930f71c7c0fe1cd32cb9aa85acc74, 上海 ,明 萬曆 ,1620,青浦縣志 8卷,（明）卓鈿修 （明）王圻纂,（明）卓鈿,（明）王圻,,,,,明萬曆刊本,1572-1620,chi,地方志,明,1620,1620,1620,1596,1572,1620,48,明
1bce3c12268c9ed8031bf4b3bb6c3bdf,山西,光緒,1875-1908,(光緒)鳳臺縣續志4卷,(清)張貽琯修(清)郭維垣纂 ,（清）張貽琯,（清）郭維垣,,,,,清光緒八年刻本,1882,chi,地方志,清,1891.5,1875,1908,1882,1882,1882,0,清
86f39a3176a6e1cd975988139a0769e2, 河南 ,明 嘉靖 ,1566,范縣志 8卷,（明）東時泰纂修 ,（明）東時泰,,,,,,明嘉靖刻本,1521-1566,chi,地方志,明,1566,1566,1566,1543.5,1521,1566,45,明
cecec065e264c188b59acd8cb2420725,湖南,康熙,1662-1722,(康熙)邵陽縣志,(清)張起鵾修(清)劉應祁纂　 ,（清）張起鵾,（清）劉應祁,,,,,清康熙二十三年刻本,1684,chi,地方志,清,1692,1662,1722,1684,1684,1684,0,清
5ecff37e0811de5c9abf6ea10447e19f,湖南,民國,1925,獻縣志 1682,（民國）薛鳳鳴修 張鼎彝纂,（民國）薛鳳鳴,（民國）張鼎彝,,,,,民國十四年刻本,1911-1949,chi,地方志,民國,1925,1925,1925,1930,1911,1949,38,民國
e680dad547194708c6ed83db3b989548,湖南,同治,1862-1875,(同治)衡陽縣志,(清)羅慶薌修(清)彭玉麟纂　 ,（清）羅慶薌,（清）彭玉麟,,,,,清同治十一年刻本,1872,chi,地方志,清,1868.5,1862,1875,1872,1872,1872,0,清
ea0cc69906743a88095084717473e12d, 廣東 ,清 乾隆 ,1796,番禺縣志 20卷,（清）任果修 （清）檀萃纂,（清）任果,（清）檀萃,,,,,清内府本,1735-1796,chi,地方志,清,1796,1796,1796,1765.5,1735,1796,61,清
c413ad6828e414a8beefe715dbae71a7,天津,民國,1938,天津縣新志 27卷,（民國）王守恂 高凌雯纂修,（民國）王守恂,（民國）高凌雯,,,,,民國二十七年刻本,1911-1949,chi,地方志,民國,1938,1938,1938,1930,1911,1949,38,民國
c4c83e8e0e75a8944fcde1ad08b3a3c0,安徽,康熙,1700,重修靜樂縣志 10卷,（清）黄圖昌修,（清）黄圖昌,,,,,,清康熙三十九年刻本,1661-1722,chi,地方志,清,1700,1700,1700,1691.5,1661,1722,61,清
02bb04013d06ade863c752ae3dbad2c6,湖北,民國,1926,象山縣志 32卷,（民國）李洣修 陳漢章纂,（民國）李洣,（民國）陳漢章,,,,,民國十五年鉛印本,1911-1949,chi,地方志,民國,1926,1926,1926,1930,1911,1949,38,民國
34396853360bf02d70fe5685b5ba8b04,遼寧,民國,1912-1912,(民國)鐵嶺縣志20卷,(民國)黃世芳修(民國)陳德懿纂 ,（民國）黃世芳,（民國）陳德懿,,,,,民國二十年鉛印本,1932,chi,地方志,民國,1912,1912,1912,1932,1932,1932,0,民國
f653a4eb4bf0a4c3b5f99c2f3a7d5382, 台灣 ,清 康熙 ,1696,臺灣府志 10卷,（清）髙拱乾纂修 ,（清）髙拱乾,,,,,,清康熙三十五刻補版本,1661-1722,chi,地方志,清,1696,1696,1696,1691.5,1661,1722,61,清
23e4f02dc70155186273368eee251298, 湖北 ,清 嘉慶 ,1820,恩施縣志 4卷,（清）張家檙修 （清）羅凌漢纂,（清）張家檙,（清）羅凌漢,,,,,清内府本,1796-1820,chi,地方志,清,1820,1820,1820,1808,1796,1820,24,清
46ab469d5a14dd80d9d44f57e58ba742,湖北,民國,1912-1912,(民國)穀城縣志稿12卷,(民國)劉德全總纂 ,（民國）劉德全,,,,,,民國十五年修石印本,1916,chi,地方志,民國,1912,1912,1912,1916,1916,1916,0,民國
348ece9279ccd0cc532e92dac43a6d6f, 廣東 ,清 道光 ,1822,肇慶府志 22卷,（清）屠英修 （清）胡森纂,（清）屠英,（清）胡森,,,,,清光緒二年重刊本,1820-1850,chi,地方志,清,1822,1822,1822,1835,1820,1850,30,清
dccfc0ba0b2f680f7069d549c4824e45,陝西,道光,1821-1850,(道光)吳堡縣志,(清)譚瑀纂修　 ,（清）譚瑀,,,,,,清道光二十七年刻本,1847,chi,地方志,清,1835.5,1821,1850,1847,1847,1847,0,清
e0f5591114241540e2783a963bf5a53b,湖南,道光,1828,樂至縣志 16卷,（清）裴顯忠修 劉碩輔纂,（清）裴顯忠,（清）劉碩輔,,,,,清同治八年刻本,1820-1850,chi,地方志,清,1828,1828,1828,1835,1820,1850,30,清
67ffaf125ce4c9efe80d575429404254,福建,景泰,1428-1456,(景泰)建陽縣志4卷雜志3卷續志1卷,(明)趙文撰袁銛續修 ,（明）趙文,袁銛,,,,,明弘治十七年刻本,1504,chi,地方志,明,1442,1428,1456,1504,1504,1504,0,明
32e7ac3e906a82e12d4d28b23069a59d,四川,民國,1919,蒙化縣志稿 26卷,（民國）李春曦修 梁友檍纂,（民國）李春曦,（民國）梁友檍,,,,,民國八年鉛印本,1911-1949,chi,地方志,民國,1919,1919,1919,1930,1911,1949,38,民國
5518aeca915264e31bb6c4507a9da640, 山東 ,明 嘉靖 ,1566,夏津縣志 5卷,（明）易時中修 （明）王琳纂,（明）易時中,（明）王琳,,,,,明嘉靖刻本,1521-1566,chi,地方志,明,1566,1566,1566,1543.5,1521,1566,45,明
0fcea2c0316322426751aa55ab4aaac7, 福建 ,清 乾隆 ,1796,建寧縣志 28卷,（清）韓琮修 （清）朱霞纂,（清）韓琮,（清）朱霞,,,,,清内府本,1735-1796,chi,地方志,清,1796,1796,1796,1765.5,1735,1796,61,清
b66e9d8f9276b2b56a1a98cd2fa11703, 湖南 ,明 隆慶 ,1567,寶慶府志 5卷,（明）陸柬纂修 ,（明）陸柬,,,,,,明隆慶元年刻本,1566-1572,chi,地方志,明,1567,1567,1567,1569,1566,1572,6,明
b15f95cd8c168847267dde00482cbb6b,四川,乾隆,1789,鞏縣志 20卷,（清）李述武修 張紫峴纂,（清）李述武,（清）張紫峴,,,,,清乾隆五十四年刻本,1735-1796,chi,地方志,清,1789,1789,1789,1765.5,1735,1796,61,清
09a1fef28aa00c564bad6da1bc686ac3,雲南,光緒,1875-1908,(光緒)永昌府志66卷,(清)劉毓珂纂修　 ,（清）劉毓珂,,,,,,清光緒十一年刊本,1885,chi,地方志,清,1891.5,1875,1908,1885,1885,1885,0,清
797bb471483afc000645784ea700736e,四川,光緒,1875-1908,(光緒)增修灌縣志14卷,(清)莊思恒修(清)鄭珶山纂 ,（清）莊思恒,（清）鄭珶山,,,,,清光緒十二年刻本,1886,chi,地方志,清,1891.5,1875,1908,1886,1886,1886,0,清
905b24bbaf7366f2ca5ae75b621ab512,河北,民國,1912-1912,(民國)望都縣志,(民國)楊化育修(民國)崔蓮峰纂　 ,（民國）楊化育,（民國）崔蓮峰,,,,,民國二十三年鉛印本,1934,chi,地方志,民國,1912,1912,1912,1934,1934,1934,0,民國
270e94f8404dde690da08e09a7d13060,安徽,嘉靖,1522-1567,(嘉靖)和州志17卷,(明)易鸞纂修　 ,（明）易鸞,,,,,,明嘉靖七年刻本,1528,chi,地方志,明,1544.5,1522,1567,1528,1528,1528,0,明
17956523929fc1b13ce77bcbb3d28a26, 河南 ,明 嘉靖 ,1566,歸德志 8卷,（明）李嵩纂修 ,（明）李嵩,,,,,,明嘉靖刻本,1521-1566,chi,地方志,明,1566,1566,1566,1543.5,1521,1566,45,明
94d7598b7c523dbbfe986a1b86121ae5,河北,乾隆,1736-1796,(乾隆)贊皇縣志10卷,(清)黄崗竹纂修 ,（清）黄崗竹,,,,,,清乾隆十六年刻本,1751,chi,地方志,清,1766,1736,1796,1751,1751,1751,0,清
163bb09e2dcab8e2d92b9966bab34216,重慶,康熙,1662-1722,(康熙)重慶府涪州志4卷,(清)董維祺修(清)馮懋柱纂　 ,（清）董維祺,（清）馮懋柱,,,,,清康熙五十四年刻本,1715,chi,地方志,清,1692,1662,1722,1715,1715,1715,0,清
59574967c9d2918b14e6d2036f956981,福建,民國,1912-1912,(民國)永定縣志36卷,(民國)徐元龍修(民國)張超南纂 ,（民國）徐元龍,（民國）張超南,,,,,民國三十八年石印本,1949,chi,地方志,民國,1912,1912,1912,1949,1949,1949,0,民國
298659baf4833f3f47a47afb3388a4d5,湖南,嘉慶,1796-1820,(嘉慶)永定縣志8卷,(清)趙亨鈐修(清)熊國夏纂 ,（清）趙亨鈐,（清）熊國夏,,,,,清道光三年刻本,1823,chi,地方志,清,1808,1796,1820,1823,1823,1823,0,清
c81e85e10b36901418339d501cb296a5, 湖南 ,清 乾隆 ,1741,安鄉縣志 8卷,（清）張綽修 （清）曾之亨纂,（清）張綽,（清）曾之亨,,,,,清光緒六年補刻本,1735-1796,chi,地方志,清,1741,1741,1741,1765.5,1735,1796,61,清
3e9925f819ed7eca38a96d183be31d08,廣東,崇禎,1628-1644,(崇禎)興寧縣志6卷,(明)劉熙祚修(明)李永茂纂　 ,（明）劉熙祚,（明）李永茂,,,,,明崇禎十年刻本,1637,chi,地方志,明,1636,1628,1644,1637,1637,1637,0,明
f40d445103e4d162a1d4a7b4e6eaf433,廣東,乾隆,1736-1796,(乾隆)新寧縣志4卷,(清)王暠重修(清)陳份纂　 ,（清）王暠重,（清）陳份,,,,,清嘉慶九年補刻本,1804,chi,地方志,清,1766,1736,1796,1804,1804,1804,0,清
0d1115bbc12d7cfdba45c9234acf44f1,湖北,嘉慶,1829,道州志 12卷,（清）張元惠修 黃如穀纂,（清）張元惠,（清）黃如穀,,,,,清嘉慶二十五年刻本,1796-1820,chi,地方志,清,1829,1829,1829,1808,1796,1820,24,清
f70c4c9ac27319299fcf60c1fd83eed5, 四川 ,清 乾隆 ,1786,安岳縣志 8卷,（清）張松孫修 （清）朱紉蘭纂,（清）張松孫,（清）朱紉蘭,,,,,清乾隆五十一年刻本,1735-1796,chi,地方志,清,1786,1786,1786,1765.5,1735,1796,61,清
55ef5bc6913a168997a01ef947a5ecd2,湖北,光緒,1875-1908,(光緒)續輯均州志16卷,(清)馬雲龍修(清)賈洪詔纂 ,（清）馬雲龍,（清）賈洪詔,,,,,清光緒十年刻本,1884,chi,地方志,清,1891.5,1875,1908,1884,1884,1884,0,清
93995b994c5e0f4ca12ca275a1778943,湖北,同治,1862-1875,(同治)江夏縣志8卷,(清)王庭楨修(清)彭崧毓纂 ,（清）王庭楨,（清）彭崧毓,,,,,清光緒七年重刊本,1881,chi,地方志,清,1868.5,1862,1875,1881,1881,1881,0,清
d834bd275175f850e695635a72036207,安徽,光緒,1882,蘄州志 30卷,（清）封蔚礽修 陳廷揚纂,（清）封蔚礽,（清）陳廷揚,,,,,清光緒八年刻本,1875-1908,chi,地方志,清,1882,1882,1882,1891.5,1875,1908,33,清
64dfb0498feb672f8fb7220edc33591d, 雲南 ,民國 ,1917,龍陵縣志 16卷,（民國）張鑑安修 （民國）寸曉亭纂,（民國）張鑑安,（民國）寸曉亭,,,,,民國六年刊本,1911-1949,chi,地方志,民國,1917,1917,1917,1930,1911,1949,38,民國
6e1b23274f84443b0a65804e868629fe, 浙江 ,清 同治 ,1864,孝豐縣志 10卷,（清）劉濬修 （清）潘宅仁纂,（清）劉濬,（清）潘宅仁,,,,,清光緒三年刊本,1861-1875,chi,地方志,清,1864,1864,1864,1868,1861,1875,14,清
2e8b984715d01f488f428b93692b763c,江西,同治,1862-1875,(同治)南康縣志,(清)沈恩華修(清)盧鼎峋纂　 ,（清）沈恩華,（清）盧鼎峋,,,,,清同治十一年刻本,1872,chi,地方志,清,1868.5,1862,1875,1872,1872,1872,0,清
ae24972b686891d18b64d6d2f35ade5d,雲南,光緒,1908,雲南地志 2卷,（清）劉盛堂纂修,（清）劉盛堂,,,,,,清光緒三十四年石印本,1875-1908,chi,地方志,清,1908,1908,1908,1891.5,1875,1908,33,清
e18964dd0d70998e35cf746f06604c3b,河北,民國,1912-1912,(民國)三合縣志略44卷,(民國)許用權修(民國)胡嵩纂 ,（民國）許用權,（民國）胡嵩,,,,,民國二十九年鉛印本,1940,chi,地方志,民國,1912,1912,1912,1940,1940,1940,0,民國
028073fa343f7eea50c96f16456045cc, 湖南 ,清 康熙 ,1685,岳州府志 28卷,（清）李遇時修 （清）楊柱朝纂,（清）李遇時,（清）楊柱朝,,,,,清康熙二十四年刻本,1661-1722,chi,地方志,清,1685,1685,1685,1691.5,1661,1722,61,清
530785f09e4b34baff593e55228ed8f3,河南,乾隆,1787,永春州志 16卷,（清）鄭一崧修 顏璹纂,（清）鄭一崧,（清）顏璹,,,,,清乾隆五十二年刊本,1735-1796,chi,地方志,清,1787,1787,1787,1765.5,1735,1796,61,清
16ba13e5b620b66a56caef1314ff0d50,海南,光緒,1875-1908,(光緒)定安縣志,(清)吳應廉修(清)王映斗纂　 ,（清）吳應廉,（清）王映斗,,,,,清光緒四年刻本,1878,chi,地方志,清,1891.5,1875,1908,1878,1878,1878,0,清
218a6154f143215e2085c4bea4d62f70,江西,康熙,1662-1722,(康熙)新建縣志30卷,(清)楊周宪纂修　 ,（清）楊周宪,,,,,,清康煕十九年刻本,1680,chi,地方志,清,1692,1662,1722,1680,1680,1680,0,清
576a906e305b0be036f1f58e935e2b02,山東,民國,1937,寧岡縣志 6卷後志4卷,（民國）丁國屏修 陳家駿纂,（民國）丁國屏,（民國）陳家駿,,,,,民國二十六年鉛印本,1911-1949,chi,地方志,民國,1937,1937,1937,1930,1911,1949,38,民國
2cb31e6f86474ec9d5730be1c4950c99,河北,民國,1912-1912,(民國)重修新城縣志26卷,(民國)袁勵杰(民國)王寀廷纂修 ,（民國）袁勵杰,（民國）王寀廷,,,,,民國二十二年鉛印本,1933,chi,地方志,民國,1912,1912,1912,1933,1933,1933,0,民國
21bd2d839383789aa4a8ed6b644b2964,四川,康熙,1662-1722,(康熙)蓬溪縣志2卷,(清)潘之彪纂修　 ,（清）潘之彪,,,,,,清康熙五十二年增刻本,1713,chi,地方志,清,1692,1662,1722,1713,1713,1713,0,清
e39f7741117a9e7a1271178c74bc050a, 廣東 ,清 康熙 ,1722,乳源縣志 8卷,（清）張洗易纂修 ,（清）張洗易,,,,,,清康熙刻本,1661-1722,chi,地方志,清,1722,1722,1722,1691.5,1661,1722,61,清
a72a0379c1837f3e435ce145ac610ccb,山西,乾隆,1736-1796,(乾隆)浮山縣志37卷,(清)賈酉修張華纂 ,（清）賈酉,張華,,,,,清乾隆十年刻本,1745,chi,地方志,清,1766,1736,1796,1745,1745,1745,0,清
7f344f4ccd3493e867d537087adb2908,陝西,順治,1644-1661,(順治)重修郃陽縣志7卷,(清)莊曾明(清)葉子循續纂　 ,（清）莊曾明,（清）葉子循,,,,,清順治十年增修本,1653,chi,地方志,清,1652.5,1644,1661,1653,1653,1653,0,清
d09cd539a44a72652b3d405ee022a560,四川,民國,1925,崇寧縣志 8卷,（民國）陳邦倬修 田樹勛纂,（民國）陳邦倬,（民國）田樹勛,,,,,民國十四年刻本,1911-1949,chi,地方志,民國,1925,1925,1925,1930,1911,1949,38,民國
3c69634d9ff3bb98ef219124b3828e1d,江西,光緒,1875-1908,(光緒)龍南縣志8卷,(清)孫瑞徵修(清)鍾益馭纂 ,（清）孫瑞徵,（清）鍾益馭,,,,,清光緒二年刻本,1876,chi,地方志,清,1891.5,1875,1908,1876,1876,1876,0,清
f1a13f0958b26a08f5f8b24ff4968752,浙江,康熙,1662-1722,(康熙)西安縣志12卷,(清)陳鵬年修(清)徐之凯纂　 ,（清）陳鵬年,（清）徐之凯,,,,,清康熙三十八年刻本,1699,chi,地方志,清,1692,1662,1722,1699,1699,1699,0,清
55bfded73bdfb2e3b10dcf025c0daf4c,河北 ,同治,1871,興安縣志 16卷,（清）李賓暘修 趙桂林纂,（清）李賓暘,（清）趙桂林,,,,,清同治十年刻本,1861-1875,chi,地方志,清,1871,1871,1871,1868,1861,1875,14,清
02d53a2045ca0e9b5f86ed8b5f00ac15,寧夏,民國,1947,長泰縣新志 22卷,（民國）鄭豐稔纂,（民國）鄭豐稔,,,,,,民國三十六年鉛印本,1911-1949,chi,地方志,民國,1947,1947,1947,1930,1911,1949,38,民國
89d75e21d8b428e6ff94bfb6d9fff7dc, 山東 ,清 道光 ,1829,濟寧直隸州志 10卷,（清）徐宗幹修 （清）許翰纂,（清）徐宗幹,（清）許翰,,,,,清咸豐九年刻本,1820-1850,chi,地方志,清,1829,1829,1829,1835,1820,1850,30,清
0aaaa58a5e33ed732cb3d74f555a5a8a,山東,道光,1821-1850,(道光)濟寧直隷州志,(清)徐宗幹修(清)許瀚纂　 ,（清）徐宗幹,（清）許瀚,,,,,清道光二十一年刻清咸豊九年盧朝安刻本,1841,chi,地方志,清,1835.5,1821,1850,1841,1841,1841,0,清
6abf4d35df3c78174d8504ca47f28c5a, 江西 ,清 同治 ,1871,鄱陽縣志 24卷,（清）陳志培修 （清）王廷鑑纂,（清）陳志培,（清）王廷鑑,,,,,清同治十年刻本,1861-1875,chi,地方志,清,1871,1871,1871,1868,1861,1875,14,清
0ebdb130c145cb68008c70caea03eb4a, 陝西 ,清 乾隆 ,1762,續耀州志 11卷,（清）鍾研齋撰 ,（清）鍾研齋,,,,,,清乾隆二十七年刊本,1735-1796,chi,地方志,清,1762,1762,1762,1765.5,1735,1796,61,清
2f879fafd40cec9448d5153e26a30fb2,陝西,光緒,1875-1908,(光緒)三續華州志,(清)吳炳南修(清)劉域纂　 ,（清）吳炳南,（清）劉域,,,,,清光緒八年合刻華州志本,1882,chi,地方志,清,1891.5,1875,1908,1882,1882,1882,0,清
386477b4b9d3475ca86b92fff74cc50e,吉林,民國,1912-1912,(民國)農安縣志,(民國)王補纂(民國)朱衣點纂　 ,（民國）王補,（民國）朱衣點,,,,,民國十六年鉛印本,1927,chi,地方志,民國,1912,1912,1912,1927,1927,1927,0,民國
4a8dc36dded443b56dfae43a4148c39f, 北京 ,清 康熙 ,1722,懷柔縣新志 8卷,（清）吳景果纂修 ,（清）吳景果,,,,,,民國二十四年鉛印本,1661-1722,chi,地方志,清,1722,1722,1722,1691.5,1661,1722,61,清
9f99ca0cf8136279a3c3e9b228ce8a9b, 河南 ,明 嘉靖 ,1566,永城縣志 6卷,（明）鄭禮纂修 ,（明）鄭禮,,,,,,明嘉靖刻本,1521-1566,chi,地方志,明,1566,1566,1566,1543.5,1521,1566,45,明
6e048c9196f8a313f6e7050302d47e40, 浙江 ,清 光緒 ,1908,浦江縣志 15卷,（清）善廣修 （清）張景青纂,（清）善廣,（清）張景青,,,,,民國五年黄志璠再增補鉛印本,1875-1908,chi,地方志,清,1908,1908,1908,1891.5,1875,1908,33,清
a9f9e5e6fccfb052c051509effeec7d5,福建,民國,1912-1912,(民國)建陽縣志,(民國)石國柱修(民國)王寳仁纂　 ,（民國）石國柱,（民國）王寳仁,,,,,民國十八年鉛印本,1929,chi,地方志,民國,1912,1912,1912,1929,1929,1929,0,民國
9fe36720a9275f6c631447fa4e230a27,湖南,康熙,1662-1722,(康熙)永州府志,(清)劉道著修(清)錢邦芑纂　 ,（清）劉道著,（清）錢邦芑,,,,,日本内閣文庫藏清康煕九年刻本,1685,chi,地方志,清,1692,1662,1722,1685,1685,1685,0,清
daa4213b145a0f9542993ba0f8a6a6e0, 福建 ,清 道光 ,1829,重纂光澤縣志 30卷,（清）盛朝輔修 （清）高澎然纂,（清）盛朝輔,（清）高澎然,,,,,清同治九年補版重印本,1820-1850,chi,地方志,清,1829,1829,1829,1835,1820,1850,30,清
479779cfc1ab895663893432f3892226,安徽,乾隆,1736-1796,(乾隆)霍山縣志8卷,(清)甘山修(清)程在嶸纂 ,（清）甘山,（清）程在嶸,,,,,清乾隆四十一年刊本,1776,chi,地方志,清,1766,1736,1796,1776,1776,1776,0,清
5c626c9fe221c7681db5975c5e9c5123,福建,順治,1659,趙城縣志 8卷,（清）安錫祚重修 劉復鼎著,（清）安錫祚,（清）劉復鼎,,,,,清順治十六年刊本,1643-1661,chi,地方志,清,1659,1659,1659,1652,1643,1661,18,清
8d207a121416c3aea5c31160facaf5fd,河南,民國,1912-1912,(民國)新鄉縣續志,(民國)田芸生總編(民國)韓邦孚監修　 ,（民國）田芸生,（民國）韓邦孚,,,,,民國十二年刻本,1923,chi,地方志,民國,1912,1912,1912,1923,1923,1923,0,民國
e8cc98ddfcea1567353b6343bef1629e,福建,萬曆,1573-1620,(萬曆)福州府志,(明)林燫纂　 ,（明）林燫,,,,,,明萬曆二十四年刻本,1596,chi,地方志,明,1596.5,1573,1620,1596,1596,1596,0,明
4eb985c7911a97797737bcabd0a33e6c,重慶,乾隆,1736-1796,(乾隆)萬縣志4卷,(清)劉高培修趙志本纂 ,（清）劉高培,趙志本,,,,,清乾隆十一年刻本,1746,chi,地方志,清,1766,1736,1796,1746,1746,1746,0,清
756e0a8bb24677b9bd235f765eac62d6,山西,光緒,1875-1908,(光緒)興縣續志,(清)張啓蘊修(清)孫福昌(清)温亮珠纂　 ,（清）張啓蘊,（清）孫福昌,（清）温亮珠,,,,清光緒六年刻本,1880,chi,地方志,清,1891.5,1875,1908,1880,1880,1880,0,清
7e913a8d87784f3875c48f2ed9934987,北京,萬曆,1573-1620,(萬曆)順天府志,(明)沈應文修(明)張元芳纂　 ,（明）沈應文,（明）張元芳,,,,,明萬曆刻本,1573,chi,地方志,明,1596.5,1573,1620,1573,1573,1573,0,明
7bc3f51124eb254fc47715788f1f4397, 福建 ,清 乾隆 ,1762,海澄縣志 24卷,（清）陳鍈修 （清）葉廷推纂,（清）陳鍈,（清）葉廷推,,,,,清乾隆二十七年刻本,1735-1796,chi,地方志,清,1762,1762,1762,1765.5,1735,1796,61,清
8f1328cca8e363fe525902d29890d23e,雲南,光緒,1875-1908,(光緒)鎮雄州志6卷,(清)吳光漢修(清)宋成基纂 ,（清）吳光漢,（清）宋成基,,,,,清光緒十三年刻本,1887,chi,地方志,清,1891.5,1875,1908,1887,1887,1887,0,清
2893ad0c3f4946d4e3b6cfd5cb183ead,湖南,民國,1933,潮州府志略 不分卷,（民國）潘載和纂,（民國）潘載和,,,,,,民國二十二年鉛印本,1911-1949,chi,地方志,民國,1933,1933,1933,1930,1911,1949,38,民國
2211344c1fa9532d571ce355fb61646f,湖南,同治,1862-1875,(同治)桂陽直隸州志27卷,(清)汪斆灝修(清)王闓運纂　 ,（清）汪斆灝,（清）王闓運,,,,,清同治七年刻本,1868,chi,地方志,清,1868.5,1862,1875,1868,1868,1868,0,清
babfd5bb285509fd4e60ff624b0e66b9,江西,道光,1821-1850,(道光)新喻縣志14卷,(清)陸堯春纂修 ,（清）陸堯春,,,,,,清道光五年刻本,1825,chi,地方志,清,1835.5,1821,1850,1825,1825,1825,0,清
a1e6f8406dc70a61c97fe5bd9bc0e0ea,甘肅,光緒,1875-1908,(光緒)重纂秦州直隸州新志24卷,(清)余澤春修(清)任其昌纂 ,（清）余澤春,（清）任其昌,,,,,清光緒十五年刻本,1889,chi,地方志,清,1891.5,1875,1908,1889,1889,1889,0,清
0cbcac11b18b6d2e3764a6d851cbd801, 浙江 ,明 崇禎 ,1644,開化縣志 10卷,（明）朱朝藩修 （明）汪慶百纂,（明）朱朝藩,（明）汪慶百,,,,,明崇禎刻本,1627-1644,chi,地方志,明,1644,1644,1644,1635.5,1627,1644,17,明
d1dd5c6bc1eaf8fb1890d945b2fbe30a,四川,光緒,1875-1908,(光緒)江津縣鄉土志,(清)佚名編　 ,（清）佚名編,,,,,,清光緒末抄本,1875,chi,地方志,清,1891.5,1875,1908,1875,1875,1875,0,清
a91de8a8828d647433978dea805b4510,貴州,光緒,1875-1908,(光緒)續修天柱縣志,(清)佚名修　 ,（清）佚名,,,,,,清光緒二十九年刻本,1903,chi,地方志,清,1891.5,1875,1908,1903,1903,1903,0,清
56f106816adc69d0b5dc439d66c9dab4,陝西,康熙,1662-1722,(康熙)淳化縣志8卷,(清)張如錦纂修　 ,（清）張如錦,,,,,,清康熙四十一年刻本,1702,chi,地方志,清,1692,1662,1722,1702,1702,1702,0,清
ebb89b5b76246d02c7d9e3b0b110d948,河南,康熙,1693,新城縣續志 2卷,（清）孫元衡纂修,（清）孫元衡,,,,,,清康熙三十二年刊本,1661-1722,chi,地方志,清,1693,1693,1693,1691.5,1661,1722,61,清
83bdf388b4ed117dfdcd43938978c2cc,江蘇,民國,1912-1912,(民國)寶應縣志,(民國)馮煦纂　 ,（民國）馮煦,,,,,,民国二十一年(1932)鉛印本,1932,chi,地方志,民國,1912,1912,1912,1932,1932,1932,0,民國
4953c788df4992a4648c74aa4e3910e7,貴州,萬曆,1573-1620,(萬曆)貴州通志,(明)朱召纂(明)許一德纂　 ,（明）朱召,（明）許一德,,,,,明萬曆二十五年刻本,1597,chi,地方志,明,1596.5,1573,1620,1597,1597,1597,0,明
c5af97efc0f65d5914ea36518a33fe4b,上海,民國,1931,湯溪縣志 20卷,（民國）丁燮修 戴鴻熙纂,（民國）丁燮,（民國）戴鴻熙,,,,,民國二十年鉛印本,1911-1949,chi,地方志,民國,1931,1931,1931,1930,1911,1949,38,民國
87c0b9f47bde7e75d8e0f2a188fe20ec,山西,康熙,1697,沁水縣志 10卷,（清）趙鳳詔纂修,（清）趙鳳詔,,,,,,清康熙三十六年刻本,1661-1722,chi,地方志,清,1697,1697,1697,1691.5,1661,1722,61,清
56c5aba22665db033b5a463ac574852f,湖南,民國,1912-1912,(民國)汝城縣志35卷,(民國)陳必聞修(民國)范大溎纂　 ,（民國）陳必聞,（民國）范大溎,,,,,民國二十一年刊本,1932,chi,地方志,民國,1912,1912,1912,1932,1932,1932,0,民國
e4d44c4b33caa6a100c7f125a6aaa8cf,貴州,民國,1934,西平縣志附編 8卷,（民國）陳銘鑑輯,（民國）陳銘鑑,,,,,,民國二十三年刊本,1911-1949,chi,地方志,民國,1934,1934,1934,1930,1911,1949,38,民國
3f9f097ff2814f41828891074e9c7a88, 福建 ,清 乾隆 ,1796,永春州志 34卷,（清）杜昌丁修 （清）黄任纂,（清）杜昌丁,（清）黄任,,,,,清鈔本,1735-1796,chi,地方志,清,1796,1796,1796,1765.5,1735,1796,61,清
89bfa579ef5fc5fa1f2e645fa1f91e40, 江西 ,清 同治 ,1873,鉛山縣志 30卷,（清）張廷珩修 （清）華祝三纂,（清）張廷珩,（清）華祝三,,,,,清同治十二年刻本,1861-1875,chi,地方志,清,1873,1873,1873,1868,1861,1875,14,清
c207eb497a76dcf70c72638ef20f29d5,湖南,民國,1922,臨潼縣志 9卷,（民國）鄧長耀纂修,（民國）鄧長耀,,,,,,民國十一年鉛印本,1911-1949,chi,地方志,民國,1922,1922,1922,1930,1911,1949,38,民國
d1f41a610562a28fc163736a2a9b0973,甘肅,民國,1912-1912,(民國)天水縣志14卷,(民國)莊以綏修賈纘緒纂　 ,（民國）莊以綏,賈纘緒,,,,,民國二十八年鉛印本,1939,chi,地方志,民國,1912,1912,1912,1939,1939,1939,0,民國
ce0afce441c4d932d82b0f3669a45d8f, 湖南 ,清 乾隆 ,1746,岳州府志 30卷,（清）黄凝道修 （清）謝仲坃纂,（清）黄凝道,（清）謝仲坃,,,,,清乾隆十一年增修刻本,1735-1796,chi,地方志,清,1746,1746,1746,1765.5,1735,1796,61,清
c6c148db0784ece964a6e38e90d1700f, 天津 ,清 康熙 ,1673,靜海縣志 4卷,（清）閻甲胤修 （清）馬方伸纂,（清）閻甲胤,（清）馬方伸,,,,,清康熙十二年刻本,1661-1722,chi,地方志,清,1673,1673,1673,1691.5,1661,1722,61,清
2ce91f2520ae95a6266b608ea86e83ab,廣東,乾隆,1736-1796,(乾隆)陽山縣志22卷,(清)萬光謙纂修　 ,（清）萬光謙,,,,,,清乾隆十二年刻本,1747,chi,地方志,清,1766,1736,1796,1747,1747,1747,0,清
d298571120db647c86318c32e26a9fb9, 江西 ,清 同治 ,1871,貴溪縣志 10卷,（清）楊辰傑修 （清）黄聨珏纂,（清）楊辰傑,（清）黄聨珏,,,,,清同治十年刻本,1861-1875,chi,地方志,清,1871,1871,1871,1868,1861,1875,14,清
37f0361d5825a7960a6d335741619c26, 河北 ,清 乾隆 ,1796,平鄉縣志 不分卷,（清）楊乔纂修 ,（清）楊乔,,,,,,清内府本,1735-1796,chi,地方志,清,1796,1796,1796,1765.5,1735,1796,61,清
9d62fdbd23222f37b3dd753826847984, 山西 ,清 同治 ,1874,陽城縣志 18卷,（清）賴昌期修 （清）潭澐纂,（清）賴昌期,（清）潭澐,,,,,清同治十三年刊本,1861-1875,chi,地方志,清,1874,1874,1874,1868,1861,1875,14,清
50b2ab5402c4a1d70a26e014de306c02,廣東,乾隆,1757,鄰水縣志 4卷,（清）陳覲光修 楊爾式纂,（清）陳覲光,（清）楊爾式,,,,,清乾隆二十二年刻本,1735-1796,chi,地方志,清,1757,1757,1757,1765.5,1735,1796,61,清
9f97fca6ae633be1519412af768b212e,四川,光緒,1883,貴池縣志 44卷,（清）陸延齡修 桂迓衡纂,（清）陸延齡,（清）桂迓衡,,,,,清光緒九年活字本,1875-1908,chi,地方志,清,1883,1883,1883,1891.5,1875,1908,33,清
5aaf9113c19a6e26e0c354199bd5ad1f,山西,光緒,1875-1908,(光緒)應州再續志2卷,(清)湯學治纂修 ,（清）湯學治,,,,,,清光緒八年刻本,1882,chi,地方志,清,1891.5,1875,1908,1882,1882,1882,0,清
232e5daba0a273e361da05f2e55aef03,四川,康熙,1676,續纂光澤縣志 9卷,（清）馬璵修 龔駿聲纂,（清）馬璵,（清）龔駿聲,,,,,清乾隆十五年刻本,1661-1722,chi,地方志,清,1676,1676,1676,1691.5,1661,1722,61,清
7fdbe82195b765c846eb877655a36119, 湖南 ,清 光緒 ,1877,善化縣志 34卷,（清）吳兆熙修 （清）張先掄纂,（清）吳兆熙,（清）張先掄,,,,,清光緒三年刻本,1875-1908,chi,地方志,清,1877,1877,1877,1891.5,1875,1908,33,清
6ac8f494b210568f8dc63e60dd1a2077,江西,同治,1862-1875,(同治)上饒縣志26卷,(清)王恩溥修(清)李樹藩纂 ,（清）王恩溥,（清）李樹藩,,,,,清同治十一年刻本,1872,chi,地方志,清,1868.5,1862,1875,1872,1872,1872,0,清
721369ecef39cb2262b76cf34ef3e40c, 陝西 ,清 嘉慶 ,1818,漢陰廳志 不分卷,（清）錢鶴年修 （清）董詔纂,（清）錢鶴年,（清）董詔,,,,,清嘉慶二十三年刻本,1796-1820,chi,地方志,清,1818,1818,1818,1808,1796,1820,24,清
d741e376b382ab8eaae18b69b8fea142,江蘇,嘉靖,1522-1567,(嘉靖)太倉州志,(明)周士佐修(明)張寅纂　 ,（明）周士佐,（明）張寅,,,,,明崇禎二年重刻本,1612,chi,地方志,明,1544.5,1522,1567,1612,1612,1612,0,明
4767098bc87503a00cf7f98959c37b4f,河北,民國,1912-1912,(民國)鷄澤縣志26卷,(民國)李澤遠(民國)修劉國昌纂 ,（民國）李澤遠,（民國）,劉國昌,,,,民國三十一年鉛印本,1942,chi,地方志,民國,1912,1912,1912,1942,1942,1942,0,民國
cf3b5fd84cb58c58a0d15865bf7d957e,河北 ,乾隆,1786,宜良縣志 4卷,（清）李淳纂修,（清）李淳,,,,,,清乾隆五十一年刻本,1735-1796,chi,地方志,清,1786,1786,1786,1765.5,1735,1796,61,清
1209acaea14035b2790c8ac670eb66d4,四川,光緒,1875-1908,(光緒)洪雅縣續志12卷,(清)郭世棻修(清)鄧敏修纂 ,（清）郭世棻,（清）鄧敏,,,,,清光緒十年刻本,1884,chi,地方志,清,1891.5,1875,1908,1884,1884,1884,0,清
f6a28f434b4cb580648d45bbb8e3aaba, 吉林 ,民國 ,1949,長春縣志 6卷,（民國）張書翰修 （民國）趙述雲纂,（民國）張書翰,（民國）趙述雲,,,,,民國油印本,1911-1949,chi,地方志,民國,1949,1949,1949,1930,1911,1949,38,民國
0fcf831559e0912649ca6980a903d30e,廣東,乾隆,1736-1796,(乾隆)連州志12卷,(清)楊楚枝修(清)吳光纂　 ,（清）楊楚枝,（清）吳光,,,,,清乾隆三十六年刻本,1771,chi,地方志,清,1766,1736,1796,1771,1771,1771,0,清
ea84a6419b48838160513f402a63c960,江蘇,光緒,1875-1908,(光緒)溧陽縣續志,(清)朱畯修(清)馮煦纂　 ,（清）朱畯,（清）馮煦,,,,,清光緒二十三年刊本,1897,chi,地方志,清,1891.5,1875,1908,1897,1897,1897,0,清
e418ac256b14656f3b5971aa0fc953e6, 安徽 ,清 嘉慶 ,1820,宣城縣志 32卷,（清）陳受培修 （清）張燾纂,（清）陳受培,（清）張燾,,,,,清嘉慶刻本,1796-1820,chi,地方志,清,1820,1820,1820,1808,1796,1820,24,清
d08300cffc05d2a501d8e060ace02338, 湖南 ,民國 ,1923,慈利縣志 20卷,（民國）田興奎修 （民國）吳恭亨纂,（民國）田興奎,（民國）吳恭亨,,,,,民國十二年鉛印本,1911-1949,chi,地方志,民國,1923,1923,1923,1930,1911,1949,38,民國
baa7e4c4f5cbbbf754c88cfab63c25c4,雲南,光緒,1875-1908,(光緒)姚州志11卷,(清)陸宗鄭修(清)甘雨纂　 ,（清）陸宗鄭,（清）甘雨,,,,,清光緒十一年刻本,1885,chi,地方志,清,1891.5,1875,1908,1885,1885,1885,0,清
542e2a896ffafc90347b897bc05ec8a7,福建,道光,1821-1850,(道光)龍巖州志,(清)梁園隷修(清)陳文衡纂　 ,（清）梁園隷,（清）陳文衡,,,,,清光緒十六年重刊本,1890,chi,地方志,清,1835.5,1821,1850,1890,1890,1890,0,清
5956591cff00b94d9183ec5936d18bb1, 山東 ,明 正德 ,1521,莘縣志 10卷,（明）吳宗器纂修 ,（明）吳宗器,,,,,,明正德刻嘉靖間增刻本,1506-1521,chi,地方志,明,1521,1521,1521,1513.5,1506,1521,15,明
27ee9ffa9bd3177895ccc910ad1a8551,浙江,正德,1506-1522,(正德)嘉興志補,(明)于鳯喈(明)鄒衡纂修  ,（明）于鳯喈,（明）鄒衡,,,,,明正德刻本,1506,chi,地方志,明,1514,1506,1522,1506,1506,1506,0,明
d1905c1022223e6c9ca9204eafcfad42,安徽,光緒,1875-1908,(光緒)廣德州志60卷,(清)胡有誠修(清)丁寶書纂 ,（清）胡有誠,（清）丁寶書,,,,,清光緒七年刻本,1881,chi,地方志,清,1891.5,1875,1908,1881,1881,1881,0,清
dc2dc958c7070b652245df3743331394,河南,嘉靖,1522-1567,(嘉靖)鄢陵志,(明)劉訒纂修　 ,（明）劉訒,,,,,,明嘉靖刻本,1522,chi,地方志,明,1544.5,1522,1567,1522,1522,1522,0,明
aaafd99fd8a234e8113a27ab0fcad4f7, 北京 ,清 光緒 ,1881,延慶州志 12卷,（清）何道增修 （清）張惇德纂,（清）何道增,（清）張惇德,,,,,清光緒七年刊本,1875-1908,chi,地方志,清,1881,1881,1881,1891.5,1875,1908,33,清
bb98e932406031ef287492e3e8160340,湖南,同治,1862-1875,(同治)續修永定縣志12卷,(清)萬修廉修(清)張序枝纂 ,（清）萬,廉,（清）張序枝,,,,清同治八年刻本,1869,chi,地方志,清,1868.5,1862,1875,1869,1869,1869,0,清
a2b0d0e5651dd86985c568273cf6af49,江蘇,乾隆,1736-1796,(乾隆)高淳縣志25卷,(清)朱紹文纂修　 ,（清）朱紹文,,,,,,清乾隆十六年刻本,1751,chi,地方志,清,1766,1736,1796,1751,1751,1751,0,清
5f47205553f6b681880b6362591e88f4,四川,嘉靖,1522-1567,(嘉靖)四川總志80卷,(明)劉大謨(明)楊慎纂修　 ,（明）劉大謨,（明）楊慎,,,,,明嘉靖刻本,1522,chi,地方志,明,1544.5,1522,1567,1522,1522,1522,0,明
4130291ff0b3fe20b6f4cfbdd556849c, 陝西 ,清 光緒 ,1888,永壽縣志 15卷,（清）鄭德樞修 （清）趙奇齡等,（清）鄭德樞,（清）趙奇齡,,,,,清光緒十四年刊本,1875-1908,chi,地方志,清,1888,1888,1888,1891.5,1875,1908,33,清
4ff51caff5f12445d6c4ab504c0991ec,河南,嘉靖,1522-1567,(嘉靖)魯山縣志,(明)姚卿修(明)孫鐸纂　 ,（明）姚卿,（明）孫鐸,,,,,明嘉靖刻本,1522,chi,地方志,明,1544.5,1522,1567,1522,1522,1522,0,明
a8c948689163c544a9248ec860ca7bbe, 上海 ,清 光緒 ,1882,寶山縣志 14卷,（清）梁蒲貴修 （清）朱延射纂,（清）梁蒲貴,（清）朱延射,,,,,清光緒八年刻本,1875-1908,chi,地方志,清,1882,1882,1882,1891.5,1875,1908,33,清
d1d41a65bebc80cd2e4205d1e223af1d,山東,道光,1843,補輯石柱廳新志 12卷,（清）王槐齡纂修,（清）王槐齡,,,,,,清道光二十三年刻本,1820-1850,chi,地方志,清,1843,1843,1843,1835,1820,1850,30,清
befafd7d49c3aa3edc83d71bf1456247,浙江,康熙,1662-1722,(康熙)濮川志略14卷,(清)濮孟清纂　 ,（清）濮孟清,,,,,,清抄本,1644,chi,地方志,清,1692,1662,1722,1644,1644,1644,0,清
f2855bd5e67489cf811c304ecab18e2e,陝西,乾隆,1736-1796,(乾隆)雒南縣志,(清)范啓源纂修(清)薛馧訂正　 ,（清）范啓源,（清）薛馧,,,,,清乾隆十一年刻本,1746,chi,地方志,清,1766,1736,1796,1746,1746,1746,0,清
5b75e6e790b9846491588ceede06b56a,福建,正德,1518,蓬州志 10卷,（明）吳德器修 徐泰纂,（明）吳德器,（明）徐泰,,,,,明正德十三年刻本,1506-1521,chi,地方志,明,1518,1518,1518,1513.5,1506,1521,15,明
310b95a7f309282ae33205d945e15674,安徽,道光,1821-1850,(道光)阜陽縣志,(清)劉虎文(清)周天爵修(清)李復慶等纂　 ,（清）劉虎文,（清）周天爵,（清）李復慶,,,,清道光九年刊本,1829,chi,地方志,清,1835.5,1821,1850,1829,1829,1829,0,清
f95720a7d290dd158114c25f331677c9,四川,乾隆,1737,重修肅州新志 30卷,（清）黃文煒 沈青崖纂修,（清）黃文煒,（清）沈青崖,,,,,清乾隆二年刻本,1735-1796,chi,地方志,清,1737,1737,1737,1765.5,1735,1796,61,清
d02906cc4d7a080495d66069bac923db,湖北,乾隆,1736-1796,(乾隆)鍾祥縣志10卷,(清)高世榮修(清)李蓮纂　 ,（清）高世榮,（清）李蓮,,,,,清乾隆六年刻本,1741,chi,地方志,清,1766,1736,1796,1741,1741,1741,0,清
67b531faf10bee384620db2c6a0b8518,河北,崇禎,1628-1644,(崇禎)蔚州志4卷,(明)來臨纂修　 ,（明）來臨,,,,,,明崇禎鈔本,1628,chi,地方志,明,1636,1628,1644,1628,1628,1628,0,明
c37d0fc68d0091133974e0d374c835de,江蘇,隆慶,1567-1572,(隆慶)寶應縣志10卷,(明)湯一賢纂修　 ,（明）湯一賢,,,,,,明隆慶三年刻本,1569,chi,地方志,明,1569.5,1567,1572,1569,1569,1569,0,明
98eb607a67f762bb420f00a9c6db06aa, 安徽 ,民國 ,1947,阜陽縣志續編 14卷,（民國）南岳峻修 （民國）李蔭南纂,（民國）南岳峻,（民國）李蔭南,,,,,民國三十六年石印本,1911-1949,chi,地方志,民國,1947,1947,1947,1930,1911,1949,38,民國
c197eecb79e302b8ec3f433e403431ad, 江蘇 ,明 崇禎 ,1644,泰州志 10卷,（明）李自滋修 （明）劉萬春纂,（明）李自滋,（明）劉萬春,,,,,明崇禎刻本,1627-1644,chi,地方志,明,1644,1644,1644,1635.5,1627,1644,17,明
b0066c44a86612231c970db6fca93e69,安徽,民國,1912-1912,(民國)阜陽縣志續編,(民國)南岳峻(民國)郭堅修(民國)李蔭南纂　 ,（民國）南岳峻,（民國）郭堅,（民國）李蔭南,,,,民國三十六年石印本,1947,chi,地方志,民國,1912,1912,1912,1947,1947,1947,0,民國
db2de4d271df6cb4218b27df4f8a037e,雲南,康熙,1691,雲南通志 30卷,（清）范承勳 吳自肅纂,（清）范承勳,（清）吳自肅,,,,,清康熙三十年刻本,1661-1722,chi,地方志,清,1691,1691,1691,1691.5,1661,1722,61,清
3ffd4965fba44bb3c3f13ce279b4ca3b, 廣東 ,清 光緒 ,1908,四會縣志 10編,（清）吳大猷纂 ,（清）吳大猷,,,,,,民國十四年刊本,1875-1908,chi,地方志,清,1908,1908,1908,1891.5,1875,1908,33,清
680222847d7a8ce346913e41d21a0c26, 江蘇 ,明 嘉靖 ,1566,江陰縣志 21卷,（明）趙錦修 （明）張袞纂,（明）趙錦,（明）張袞,,,,,明嘉靖刻本,1521-1566,chi,地方志,明,1566,1566,1566,1543.5,1521,1566,45,明
d3260ace4ed53a7790812bc96e073316, 山東 ,清 乾隆 ,1796,淄川縣志 8卷,（清）張鳴鐸修 （清）張廷寀纂,（清）張鳴鐸,（清）張廷寀,,,,,民國九年石印本,1735-1796,chi,地方志,清,1796,1796,1796,1765.5,1735,1796,61,清
52d80d52b5c3643dfc19e3a809a88d5e,浙江,乾隆,1736-1796,(乾隆)桐廬縣誌,(清)金嘉琰撰  ,（清）金嘉琰,,,,,,清鈔本,1644,chi,地方志,清,1766,1736,1796,1644,1644,1644,0,清
b52831aa450d644afad01bb68f4a9ebf,四川,民國,1912-1912,(民國)新修南充縣志16卷,(民國)李良俊修(民國)王荃善 ,（民國）李良俊,（民國）王荃善,,,,,民國十八年刻本,1919,chi,地方志,民國,1912,1912,1912,1919,1919,1919,0,民國
a3168342a25d16b2e336688734c9144f,河北 ,康熙,1672,重修阜志 2卷,（清）曹邦纂,（清）曹邦,,,,,,清康熙十一年鈔本,1661-1722,chi,地方志,清,1672,1672,1672,1691.5,1661,1722,61,清
05b0d29c09f610673f97236bd311a844, 貴州 ,清 光緒 ,1908,鎮寧州志 8卷,（清）彭鈺纂 ,（清）彭鈺,,,,,,清光緒鈔本,1875-1908,chi,地方志,清,1908,1908,1908,1891.5,1875,1908,33,清
4f931f9097e85da7c0254f78a6f59f2d,江西,乾隆,1763,福州藝文志補 4卷,（清）李拔纂輯,（清）李拔,,,,,,清乾隆二十八年刻本,1735-1796,chi,地方志,清,1763,1763,1763,1765.5,1735,1796,61,清
ec6bffdce7c6a02a657673e6cfd85033,山東,民國,1912-1912,(民國)續修東阿縣志16卷,(民國)周竹生修(民國)蘄維熙纂 ,（民國）周竹生,（民國）蘄維熙,,,,,民國二十三年鉛印本,1934,chi,地方志,民國,1912,1912,1912,1934,1934,1934,0,民國
dbb87794696de42bfb5878bd29680412, 廣東 ,民國 ,1928,連山縣志 16卷,（民國）何一鸞修 （民國）臧承宣纂,（民國）何一鸞,（民國）臧承宣,,,,,民國十七年鉛印本,1911-1949,chi,地方志,民國,1928,1928,1928,1930,1911,1949,38,民國
434906ebaec27b270e06bf05a177c414, 江西 ,清 道光 ,1823,浮梁縣志 22卷,（清）喬溎修 （清）賀熙齡纂,（清）喬溎,（清）賀熙齡,,,,,清道光三年刻清道光十二年補刻本,1820-1850,chi,地方志,清,1823,1823,1823,1835,1820,1850,30,清
82e6c3771f9b495b237f6f947a68f428,湖北,同治,1862-1875,(同治)崇陽縣志12卷,(清)高佐廷修(清)傅燮鼎纂 ,（清）高佐廷,（清）傅燮鼎,,,,,清同治五年刻本,1866,chi,地方志,清,1868.5,1862,1875,1866,1866,1866,0,清
d289b057d2aa405b02280c99a4e0d2a7,河北,同治,1862-1875,(同治)續修行唐縣新志8卷,(清)崔苓瑞纂修 ,（清）崔苓瑞,,,,,,清鈔本,1644,chi,地方志,清,1868.5,1862,1875,1644,1644,1644,0,清
b689e8b30510b53869376cd396756f7e,山東,宣統,1909-1912,(宣統)聊城縣志12卷,(清)陳慶蕃修(清)葉鍚麟纂 ,（清）陳慶蕃,（清）葉鍚麟,,,,,清宣統二年刻本,1910,chi,地方志,清,1910.5,1909,1912,1910,1910,1910,0,清
5c598da98e0452e16a1ac40490e3e95b, 廣東 ,清 嘉慶 ,1815,澄海縣志 26卷,（清）李書吉修 （清）蔡繼紳纂,（清）李書吉,（清）蔡繼紳,,,,,清嘉慶二十年刊本,1796-1820,chi,地方志,清,1815,1815,1815,1808,1796,1820,24,清
734abef9bce2e6f0b3460c6ec3dd2e5f,湖南,乾隆,1736-1796,(乾隆)辰州府志50卷,(清)席紹葆修謝鳴謙纂　 ,（清）席紹葆,謝鳴謙,,,,,清乾隆三十年刻本,1765,chi,地方志,清,1766,1736,1796,1765,1765,1765,0,清
c6953260037eac76db3822c8eed39bdb,山東,康熙,1662-1722,(康熙)寧陽縣志8卷,(清)李溫皋纂修　 ,（清）李溫皋,,,,,,清康熙四十一年刻本,1702,chi,地方志,清,1692,1662,1722,1702,1702,1702,0,清
dc0e5c6853ec61fff808bde81ee77cb6, 浙江 ,明 天啓 ,1624,海鹽縣圖經 16卷,（明）樊維城修 （明）胡震亨纂,（明）樊維城,（明）胡震亨,,,,,明天啓四年刊本,1620-1627,chi,地方志,明,1624,1624,1624,1623.5,1620,1627,7,明
b88f40028551b5c46c38f69e709d7615,安徽,嘉慶,1796-1820,(嘉慶)鳳臺縣志,(清)李兆洛纂修　 ,（清）李兆洛,,,,,,清嘉慶十九年刊本,1814,chi,地方志,清,1808,1796,1820,1814,1814,1814,0,清
d187b548e5e9bf0bf370ddfd1c0d990f,浙江,雍正,1723-1735,(雍正)慈谿縣志16卷,(清)楊正筍修(清)馮鴻模纂　 ,（清）楊正筍,（清）馮鴻模,,,,,清雍正八年刊本,1730,chi,地方志,清,1729,1723,1735,1730,1730,1730,0,清
0348611001b827acc7f05ecd2f7e4935,河南,乾隆,1755,直隸通州志 22卷,（清）王繼祖修 夏之蓉纂,（清）王繼祖,（清）夏之蓉,,,,,清乾隆二十年刻本,1735-1796,chi,地方志,清,1755,1755,1755,1765.5,1735,1796,61,清
bf1790c6f1a68fdb858475b647e2a5d3,河北,民國,1912-1912,(民國)晉縣志,(民國)李世祐修(民國)李翰如纂　 ,（民國）李世祐,（民國）李翰如,,,,,民國十六年石印本,1927,chi,地方志,民國,1912,1912,1912,1927,1927,1927,0,民國
fa1ac963f8a76b9c2889137571635c57, 江蘇 ,民國 ,1919,續纂泰州志 35卷,（民國）鄭輔東修 （民國）王貽牟纂,（民國）鄭輔東,（民國）王貽牟,,,,,民國八年刻本,1911-1949,chi,地方志,民國,1919,1919,1919,1930,1911,1949,38,民國
52db01b269c9ac7905e32e6b58439c62,山西,光緒,1875-1908,(光緒)吉州全志8卷,(清)吳葵之修(清)裴國苞纂 ,（清）吳葵之,（清）裴國苞,,,,,清光緒五年鉛印本,1879,chi,地方志,清,1891.5,1875,1908,1879,1879,1879,0,清
8451555edc3247bf5c7abb5e8319957e,廣東,嘉慶,1829,濮川所聞記 6卷,（清）金淮纂 濮鐄續纂,（清）金淮,（清）濮鐄,,,,,清嘉慶二十五年續纂刻本,1796-1820,chi,地方志,清,1829,1829,1829,1808,1796,1820,24,清
a6afbaed3b7bdae13c39a5debb079e0a,陝西,光緒,1875-1908,(光緒)岐山縣志,(清)胡昇猷修(清)張殿元纂　 ,（清）胡昇猷,（清）張殿元,,,,,清光緒十年刻本,1884,chi,地方志,清,1891.5,1875,1908,1884,1884,1884,0,清
07f9c749e9760a42c74837ca1df1c5a1,湖南,嘉慶,1796-1820,(嘉慶)寧遠縣志,(清)曾鈺纂修　 ,（清）曾鈺,,,,,,清嘉慶十六年刊本,1811,chi,地方志,清,1808,1796,1820,1811,1811,1811,0,清
d192263affff0311721b7de8b6953199, 黑龍江 ,民國 ,1919,拜泉縣志 4卷,（民國）張霖和修 （民國）胡乃新纂,（民國）張霖和,（民國）胡乃新,,,,,民國八年石印本,1911-1949,chi,地方志,民國,1919,1919,1919,1930,1911,1949,38,民國
eedc0d3cddcd0aea0c58c663c6a48091,山西,光緒,1875-1908,(光緒)永寧州志32卷,(清)姚啟瑞修(清)方淵如纂 ,（清）姚啟瑞,（清）方淵如,,,,,清光緒七年刻本,1881,chi,地方志,清,1891.5,1875,1908,1881,1881,1881,0,清
1855e9d5e53209c093b261065df0c9e6, 湖南 ,清 道光 ,1824,鳳凰廳志 20卷,（清）黄應培修 （清）孫均銓纂,（清）黄應培,（清）孫均銓,,,,,清道光四年刻本,1820-1850,chi,地方志,清,1824,1824,1824,1835,1820,1850,30,清
dffcab6beb26e7fed02d88651c82a847,河南,光緒,1876,文縣志 8卷,（清）長贇修 劉健纂,（清）長贇,（清）劉健,,,,,清光緒二年刻本,1875-1908,chi,地方志,清,1876,1876,1876,1891.5,1875,1908,33,清
036ecdae15bf83b25fe0b4265987a208,甘肅,同治,1870,鄖陽府志 8卷,（清）吳葆儀修 王嚴恭纂,（清）吳葆儀,（清）王嚴恭,,,,,清同治九年刊本,1861-1875,chi,地方志,清,1870,1870,1870,1868,1861,1875,14,清
ac6756c63053b6112bd78f2e0e939e48, 吉林 ,清 宣統 ,1911,奉天省靖安縣志 不分卷,（清）朱佩蘭纂修 ,（清）朱佩蘭,,,,,,清油印本,1908-1911,chi,地方志,清,1911,1911,1911,1909.5,1908,1911,3,清
d2595e54d2fc267398a5eb6084dd51ca, 陝西 ,清 道光 ,1829,寧陝廳志 不分卷,（清）林一銘修 （清）焦世官纂,（清）林一銘,（清）焦世官,,,,,清道光九年刻本,1820-1850,chi,地方志,清,1829,1829,1829,1835,1820,1850,30,清
c2091d531dca0f50ec409787f8bacd61, 廣東 ,明 萬曆 ,1614,雷州府志 22卷,（明）歐陽保纂 ,（明）歐陽保,,,,,,明萬曆四十二年刻本,1572-1620,chi,地方志,明,1614,1614,1614,1596,1572,1620,48,明
d43c7ac93678f9a59fba2cc4d67c0913,河北,乾隆,1736-1796,(乾隆)大名縣志40卷,(清)張維祺李棠纂修　 ,（清）張維祺,李棠,,,,,清乾隆五十四年刻本,1789,chi,地方志,清,1766,1736,1796,1789,1789,1789,0,清
c3351efff534fa5828a942935d8781e4,江西,光緒,1875-1908,(光緒)崇義縣志9卷,(清)廖鼎璋纂修 ,（清）廖鼎璋,,,,,,清光緒二十一年刻本,1895,chi,地方志,清,1891.5,1875,1908,1895,1895,1895,0,清
